ym,month,region,group_facilities,gr03,gr35,pre,oos,spec,emer,gma,family_facilities,family_spaces,total_spaces,total_facilities
200404,APR 2004,1 - Interior,298,702,2187,2005,3167,40,2,0,355,2475,10578,653
200404,APR 2004,2 - Coast Fraser,1085,1758,8339,9183,11901,191,31,0,817,5571,36974,1902
200404,APR 2004,3 - Vancouver Island,400,705,3386,2433,5114,0,0,0,452,3156,14794,852
200404,APR 2004,4 - North,111,228,977,958,1072,0,0,0,171,1194,4429,282
200405,MAY 2004,1 - Interior,299,702,2187,2022,3180,40,2,0,354,2468,10601,653
200405,MAY 2004,2 - Coast Fraser,1092,1748,8324,9315,11916,191,31,0,811,5531,37056,1903
200405,MAY 2004,3 - Vancouver Island,400,705,3386,2433,5114,0,0,0,450,3142,14780,850
200405,MAY 2004,4 - North,111,228,977,958,1072,0,0,0,170,1187,4422,281
200406,JUN 2004,1 - Interior,300,702,2187,2042,3180,40,2,0,350,2440,10593,650
200406,JUN 2004,2 - Coast Fraser,1095,1748,8362,9339,11916,191,31,0,817,5573,37160,1912
200406,JUN 2004,3 - Vancouver Island,402,721,3418,2441,5108,0,0,0,451,3149,14837,853
200406,JUN 2004,4 - North,112,228,977,973,1072,0,0,0,171,1194,4444,283
200407,JUL 2004,1 - Interior,292,702,2195,2007,3067,40,2,0,340,2370,10383,632
200407,JUL 2004,2 - Coast Fraser,1088,1776,8280,9244,11967,191,31,0,818,5583,37072,1906
200407,JUL 2004,3 - Vancouver Island,398,731,3428,2397,5057,0,0,0,444,3100,14713,842
200407,JUL 2004,4 - North,113,228,977,973,1097,0,0,0,166,1159,4434,279
200408,AUG 2004,1 - Interior,292,694,2203,2007,3067,40,2,0,336,2342,10355,628
200408,AUG 2004,2 - Coast Fraser,1086,1788,8316,9234,11964,191,31,0,818,5580,37104,1904
200408,AUG 2004,3 - Vancouver Island,395,731,3396,2397,4995,0,0,0,438,3058,14577,833
200408,AUG 2004,4 - North,114,228,997,973,1104,0,0,0,163,1138,4440,277
200409,SEP 2004,1 - Interior,295,702,2218,2097,3081,40,2,0,327,2279,10419,622
200409,SEP 2004,2 - Coast Fraser,1103,1800,8302,9550,11917,191,31,0,815,5562,37353,1918
200409,SEP 2004,3 - Vancouver Island,396,731,3390,2399,5025,0,0,0,437,3051,14596,833
200409,SEP 2004,4 - North,113,228,962,973,1090,0,0,0,165,1152,4405,278
200410,OCT 2004,1 - Interior,301,694,2227,2130,3135,40,2,0,332,2314,10542,633
200410,OCT 2004,2 - Coast Fraser,1125,1856,8427,9764,12157,191,31,0,826,5630,38056,1951
200410,OCT 2004,3 - Vancouver Island,405,747,3424,2428,5214,0,0,0,440,3070,14883,845
200410,OCT 2004,4 - North,114,228,979,973,1110,0,0,0,168,1173,4463,282
200411,NOV 2004,1 - Interior,301,710,2259,2115,3126,40,2,0,337,2350,10602,638
200411,NOV 2004,2 - Coast Fraser,1139,1890,8444,9906,12303,191,31,0,840,5726,38491,1979
200411,NOV 2004,3 - Vancouver Island,411,759,3561,2441,5304,0,0,0,443,3091,15156,854
200411,NOV 2004,4 - North,116,240,979,983,1090,0,0,0,169,1177,4469,285
200412,DEC 2004,1 - Interior,301,712,2172,2130,3118,40,2,0,343,2394,10568,644
200412,DEC 2004,2 - Coast Fraser,1153,1911,8449,10076,12468,191,31,0,848,5781,38907,2001
200412,DEC 2004,3 - Vancouver Island,415,767,3590,2443,5344,0,0,0,445,3103,15247,860
200412,DEC 2004,4 - North,117,240,979,1003,1126,0,0,0,171,1191,4539,288
200501,JAN 2005,1 - Interior,307,716,2163,2196,3160,40,2,0,343,2395,10672,650
200501,JAN 2005,2 - Coast Fraser,1156,1919,8450,10203,12540,191,31,0,858,5842,39176,2014
200501,JAN 2005,3 - Vancouver Island,417,767,3630,2528,5392,0,0,0,454,3164,15481,871
200501,JAN 2005,4 - North,121,252,1013,1033,1132,0,0,0,179,1248,4678,300
200502,FEB 2005,1 - Interior,311,716,2171,2196,3210,40,2,0,344,2402,10737,655
200502,FEB 2005,2 - Coast Fraser,1158,1923,8439,10229,12600,191,31,0,867,5900,39313,2025
200502,FEB 2005,3 - Vancouver Island,419,783,3614,2543,5433,0,0,0,453,3157,15530,872
200502,FEB 2005,4 - North,122,249,1009,1058,1139,0,0,0,181,1262,4717,303
200503,MAR 2005,1 - Interior,312,716,2189,2196,3220,40,2,0,341,2381,10744,653
200503,MAR 2005,2 - Coast Fraser,1164,1955,8481,10280,12635,191,31,0,866,5893,39466,2030
200503,MAR 2005,3 - Vancouver Island,418,791,3614,2558,5408,0,0,0,452,3150,15521,870
200503,MAR 2005,4 - North,123,249,1009,1073,1139,0,0,0,181,1262,4732,304
200504,APR 2005,1 - Interior,315,692,2195,2231,3157,40,2,0,329,2297,10614,644
200504,APR 2005,2 - Coast Fraser,1193,1957,8738,10415,12689,176,31,0,862,5861,39867,2055
200504,APR 2005,3 - Vancouver Island,421,792,3549,2603,5436,0,0,0,451,3145,15525,872
200504,APR 2005,4 - North,133,268,1120,1138,1132,0,0,0,180,1255,4913,313
200505,MAY 2005,1 - Interior,317,692,2202,2251,3172,40,2,0,328,2290,10649,645
200505,MAY 2005,2 - Coast Fraser,1192,1959,8763,10397,12712,176,31,0,860,5848,39886,2052
200505,MAY 2005,3 - Vancouver Island,418,792,3586,2594,5401,0,0,0,446,3110,15483,864
200505,MAY 2005,4 - North,134,268,1120,1138,1152,0,0,0,178,1241,4919,312
200506,JUN 2005,1 - Interior,314,692,2186,2207,3162,40,2,0,331,2311,10600,645
200506,JUN 2005,2 - Coast Fraser,1198,1969,8751,10349,12712,176,31,0,861,5850,39838,2059
200506,JUN 2005,3 - Vancouver Island,417,792,3569,2594,5399,0,0,0,448,3124,15478,865
200506,JUN 2005,4 - North,134,268,1120,1138,1152,0,0,0,177,1236,4914,311
200507,JUL 2005,1 - Interior,308,692,2147,2115,3171,40,2,0,328,2290,10457,636
200507,JUL 2005,2 - Coast Fraser,1188,1927,8705,10209,12870,176,31,0,857,5821,39739,2045
200507,JUL 2005,3 - Vancouver Island,419,792,3561,2594,5492,0,0,0,436,3042,15481,855
200507,JUL 2005,4 - North,133,268,1136,1113,1156,0,0,0,173,1208,4881,306
200508,AUG 2005,1 - Interior,307,684,2147,2130,3191,40,2,0,324,2264,10458,631
200508,AUG 2005,2 - Coast Fraser,1186,1939,8694,10139,12854,176,31,0,854,5799,39632,2040
200508,AUG 2005,3 - Vancouver Island,419,792,3561,2594,5491,0,0,0,434,3028,15466,853
200508,AUG 2005,4 - North,133,268,1136,1113,1156,0,0,0,175,1222,4895,308
200509,SEP 2005,1 - Interior,312,684,2137,2181,3263,40,2,0,320,2238,10545,632
200509,SEP 2005,2 - Coast Fraser,1199,1979,8764,10158,12879,176,31,0,862,5855,39842,2061
200509,SEP 2005,3 - Vancouver Island,420,796,3564,2567,5592,0,0,0,428,2986,15505,848
200509,SEP 2005,4 - North,133,276,1103,1127,1165,0,0,0,174,1215,4886,307
200510,OCT 2005,1 - Interior,318,700,2163,2223,3330,40,2,0,322,2252,10710,640
200510,OCT 2005,2 - Coast Fraser,1217,2007,8890,10205,12912,176,31,0,860,5845,40066,2077
200510,OCT 2005,3 - Vancouver Island,423,808,3601,2585,5616,0,0,0,428,2986,15596,851
200510,OCT 2005,4 - North,135,276,1137,1137,1165,0,0,0,174,1215,4930,309
200511,NOV 2005,1 - Interior,327,700,2179,2310,3422,40,2,0,332,2322,10975,659
200511,NOV 2005,2 - Coast Fraser,1250,2061,8955,10597,13260,164,31,0,870,5917,40985,2120
200511,NOV 2005,3 - Vancouver Island,427,820,3629,2648,5706,0,0,0,433,3021,15824,860
200511,NOV 2005,4 - North,139,280,1165,1191,1183,0,0,0,178,1243,5062,317
200512,DEC 2005,1 - Interior,329,700,2199,2366,3417,40,2,0,333,2327,11051,662
200512,DEC 2005,2 - Coast Fraser,1259,2084,8994,10754,13385,152,31,0,876,5958,41358,2135
200512,DEC 2005,3 - Vancouver Island,429,820,3636,2656,5767,0,0,0,431,3007,15886,860
200512,DEC 2005,4 - North,143,292,1201,1196,1256,0,0,0,180,1257,5202,323
200601,JAN 2006,1 - Interior,331,708,2211,2363,3417,40,2,0,342,2390,11131,673
200601,JAN 2006,2 - Coast Fraser,1270,2117,9065,10788,13462,152,31,0,885,6014,41629,2155
200601,JAN 2006,3 - Vancouver Island,431,820,3664,2656,5812,0,0,0,434,3028,15980,865
200601,JAN 2006,4 - North,145,292,1201,1236,1256,0,0,0,183,1278,5263,328
200602,FEB 2006,1 - Interior,330,720,2211,2363,3407,40,2,0,343,2396,11139,673
200602,FEB 2006,2 - Coast Fraser,1273,2117,9082,10833,13474,152,31,0,899,6097,41786,2172
200602,FEB 2006,3 - Vancouver Island,430,816,3648,2676,5877,0,0,0,437,3051,16068,867
200602,FEB 2006,4 - North,147,288,1201,1286,1272,0,0,0,185,1290,5337,332
200603,MAR 2006,1 - Interior,329,720,2211,2363,3387,40,2,0,342,2389,11112,671
200603,MAR 2006,2 - Coast Fraser,1275,2093,9108,10877,13504,152,31,0,896,6079,41844,2171
200603,MAR 2006,3 - Vancouver Island,430,824,3640,2676,5877,0,0,0,435,3039,16056,865
200603,MAR 2006,4 - North,147,304,1201,1286,1272,0,0,0,185,1290,5353,332
200604,APR 2006,1 - Interior,326,735,2257,2295,3422,40,2,0,351,2449,11200,677
200604,APR 2006,2 - Coast Fraser,1342,2093,9233,10864,13485,152,31,0,914,6201,42059,2256
200604,APR 2006,3 - Vancouver Island,428,832,3653,2695,5927,0,0,0,438,3063,16170,866
200604,APR 2006,4 - North,149,312,1256,1347,1314,0,0,0,182,1266,5495,331
200605,MAY 2006,1 - Interior,326,715,2277,2295,3422,40,2,0,350,2442,11193,676
200605,MAY 2006,2 - Coast Fraser,1343,2102,9213,10864,13497,152,31,0,910,6175,42034,2253
200605,MAY 2006,3 - Vancouver Island,428,832,3653,2711,5927,0,0,0,436,3049,16172,864
200605,MAY 2006,4 - North,148,300,1240,1347,1329,0,0,0,182,1266,5482,330
200606,JUN 2006,1 - Interior,327,715,2293,2285,3436,40,2,0,347,2421,11192,674
200606,JUN 2006,2 - Coast Fraser,1345,2108,9198,10884,13509,152,31,0,919,6228,42110,2264
200606,JUN 2006,3 - Vancouver Island,427,832,3678,2701,5907,0,0,0,438,3063,16181,865
200606,JUN 2006,4 - North,148,300,1246,1347,1329,0,0,0,186,1294,5516,334
200607,JUL 2006,1 - Interior,328,715,2305,2251,3459,40,2,0,340,2372,11144,668
200607,JUL 2006,2 - Coast Fraser,1332,2120,9179,10699,13549,152,31,0,906,6136,41866,2238
200607,JUL 2006,3 - Vancouver Island,424,832,3629,2621,5914,0,0,0,426,2979,15975,850
200607,JUL 2006,4 - North,144,300,1245,1317,1274,0,0,0,185,1290,5426,329
200608,AUG 2006,1 - Interior,327,703,2305,2251,3459,40,2,0,340,2376,11136,667
200608,AUG 2006,2 - Coast Fraser,1334,2134,9244,10679,13641,152,31,0,898,6084,41965,2232
200608,AUG 2006,3 - Vancouver Island,424,840,3635,2621,5914,0,0,0,420,2937,15947,844
200608,AUG 2006,4 - North,144,300,1245,1317,1274,0,0,0,185,1290,5426,329
200609,SEP 2006,1 - Interior,334,727,2314,2295,3542,40,2,0,336,2349,11269,670
200609,SEP 2006,2 - Coast Fraser,1354,2135,9383,10838,13619,137,31,0,895,6060,42203,2249
200609,SEP 2006,3 - Vancouver Island,426,832,3717,2656,6016,0,0,0,411,2874,16095,837
200609,SEP 2006,4 - North,144,312,1261,1287,1294,0,0,0,187,1304,5458,331
200610,OCT 2006,1 - Interior,338,727,2345,2361,3592,30,2,0,331,2314,11371,669
200610,OCT 2006,2 - Coast Fraser,1364,2177,9484,10925,13731,137,31,0,887,6005,42490,2251
200610,OCT 2006,3 - Vancouver Island,428,886,3799,2739,6175,0,0,0,410,2867,16466,838
200610,OCT 2006,4 - North,148,312,1286,1317,1339,0,0,0,188,1311,5565,336
200611,NOV 2006,1 - Interior,342,782,2366,2378,3669,30,2,0,339,2371,11598,681
200611,NOV 2006,2 - Coast Fraser,1378,2213,9584,11076,13876,137,31,0,902,6104,43021,2280
200611,NOV 2006,3 - Vancouver Island,436,898,3866,2836,6245,0,0,0,415,2902,16747,851
200611,NOV 2006,4 - North,148,312,1286,1329,1339,0,0,0,190,1325,5591,338
200612,DEC 2006,1 - Interior,347,786,2380,2389,3692,30,2,0,342,2392,11671,689
200612,DEC 2006,2 - Coast Fraser,1393,2221,9611,11239,13990,137,31,0,908,6145,43374,2301
200612,DEC 2006,3 - Vancouver Island,439,898,3875,2841,6338,0,0,0,420,2937,16889,859
200612,DEC 2006,4 - North,150,312,1286,1373,1339,0,0,0,194,1353,5663,344
200701,JAN 2007,1 - Interior,350,754,2387,2409,3696,30,2,0,339,2371,11649,689
200701,JAN 2007,2 - Coast Fraser,1399,2221,9615,11276,13995,137,31,0,914,6186,43461,2313
200701,JAN 2007,3 - Vancouver Island,438,898,3859,2859,6338,0,0,0,418,2923,16877,856
200701,JAN 2007,4 - North,153,312,1335,1373,1361,0,0,0,194,1355,5736,347
200702,FEB 2007,1 - Interior,351,754,2402,2429,3711,30,2,0,339,2371,11699,690
200702,FEB 2007,2 - Coast Fraser,1403,2230,9659,11296,14012,137,31,0,921,6235,43600,2324
200702,FEB 2007,3 - Vancouver Island,438,898,3875,2863,6318,0,0,0,417,2916,16870,855
200702,FEB 2007,4 - North,153,312,1335,1373,1361,0,0,0,198,1383,5764,351
200703,MAR 2007,1 - Interior,349,754,2362,2429,3691,30,2,0,337,2357,11625,686
200703,MAR 2007,2 - Coast Fraser,1407,2290,9718,11288,14095,137,31,0,913,6179,43738,2320
200703,MAR 2007,3 - Vancouver Island,437,898,3875,2863,6298,0,0,0,416,2909,16843,853
200703,MAR 2007,4 - North,153,304,1305,1389,1329,0,0,0,197,1376,5703,350
200704,APR 2007,1 - Interior,346,754,2387,2403,3728,30,2,0,328,2294,11598,674
200704,APR 2007,2 - Coast Fraser,1399,2403,9695,11266,14030,109,31,0,890,6029,43563,2289
200704,APR 2007,3 - Vancouver Island,431,884,3935,2856,6217,0,0,0,411,2873,16765,842
200704,APR 2007,4 - North,154,300,1319,1365,1368,0,0,0,194,1355,5707,348
200705,MAY 2007,1 - Interior,345,746,2387,2403,3728,30,2,0,325,2273,11569,670
200705,MAY 2007,2 - Coast Fraser,1399,2403,9669,11266,14055,109,31,0,884,5985,43518,2283
200705,MAY 2007,3 - Vancouver Island,431,884,3935,2856,6217,0,0,0,411,2873,16765,842
200705,MAY 2007,4 - North,153,292,1309,1365,1368,0,0,0,192,1341,5675,345
200706,JUN 2007,1 - Interior,348,762,2399,2427,3803,30,2,0,335,2343,11766,683
200706,JUN 2007,2 - Coast Fraser,1426,2450,9956,11414,14133,109,31,0,915,6200,44293,2341
200706,JUN 2007,3 - Vancouver Island,435,884,3975,2871,6217,0,0,0,427,2983,16930,862
200706,JUN 2007,4 - North,153,292,1320,1365,1358,0,0,0,204,1425,5760,357
200707,JUL 2007,1 - Interior,336,738,2367,2360,3789,30,2,0,322,2250,11536,658
200707,JUL 2007,2 - Coast Fraser,1411,2476,10051,11090,14254,109,31,0,902,6102,44113,2313
200707,JUL 2007,3 - Vancouver Island,424,869,3921,2803,6183,0,0,0,417,2915,16691,841
200707,JUL 2007,4 - North,152,292,1343,1351,1358,0,0,0,202,1411,5755,354
200708,AUG 2007,1 - Interior,334,738,2378,2360,3779,30,2,0,323,2257,11544,657
200708,AUG 2007,2 - Coast Fraser,1411,2456,10047,11099,14302,109,31,0,909,6148,44192,2320
200708,AUG 2007,3 - Vancouver Island,426,883,3960,2823,6190,0,0,0,420,2936,16792,846
200708,AUG 2007,4 - North,152,304,1368,1341,1358,0,0,0,202,1411,5782,354
200709,SEP 2007,1 - Interior,341,744,2477,2480,3816,30,2,0,318,2222,11771,659
200709,SEP 2007,2 - Coast Fraser,1433,2504,10303,11306,14488,109,31,0,901,6092,44833,2334
200709,SEP 2007,3 - Vancouver Island,434,903,4025,2872,6268,0,0,0,417,2917,16985,851
200709,SEP 2007,4 - North,152,304,1369,1361,1363,0,0,0,204,1427,5824,356
200710,OCT 2007,1 - Interior,340,748,2490,2474,3796,30,2,0,320,2236,11776,660
200710,OCT 2007,2 - Coast Fraser,1441,2526,10355,11450,14651,109,31,0,909,6155,45277,2350
200710,OCT 2007,3 - Vancouver Island,435,883,4035,2924,6350,0,0,0,416,2910,17102,851
200710,OCT 2007,4 - North,155,308,1395,1361,1424,0,0,0,207,1448,5936,362
200711,NOV 2007,1 - Interior,349,756,2553,2550,3895,30,2,0,322,2250,12036,671
200711,NOV 2007,2 - Coast Fraser,1454,2541,10498,11560,14839,109,31,0,914,6186,45764,2368
200711,NOV 2007,3 - Vancouver Island,440,883,4035,2924,6524,0,0,0,422,2952,17318,862
200711,NOV 2007,4 - North,158,308,1409,1381,1464,0,0,0,214,1497,6059,372
200712,DEC 2007,1 - Interior,350,752,2574,2550,3926,30,2,0,326,2278,12112,676
200712,DEC 2007,2 - Coast Fraser,1466,2521,10522,11644,14919,109,31,0,923,6249,45995,2389
200712,DEC 2007,3 - Vancouver Island,440,883,4019,2944,6584,0,0,0,423,2959,17389,863
200712,DEC 2007,4 - North,160,308,1417,1401,1464,0,0,0,220,1539,6129,380
200801,JAN 2008,1 - Interior,348,752,2550,2569,3919,30,2,0,329,2299,12121,677
200801,JAN 2008,2 - Coast Fraser,1470,2552,10622,11655,14907,109,31,0,931,6304,46180,2401
200801,JAN 2008,3 - Vancouver Island,443,883,4021,2984,6618,0,0,0,421,2943,17449,864
200801,JAN 2008,4 - North,160,308,1417,1411,1464,0,0,0,220,1539,6139,380
200802,FEB 2008,1 - Interior,349,744,2550,2559,3939,30,2,0,331,2313,12137,680
200802,FEB 2008,2 - Coast Fraser,1474,2569,10725,11677,14947,109,31,0,934,6332,46390,2408
200802,FEB 2008,3 - Vancouver Island,445,887,4045,2999,6618,0,0,0,418,2922,17471,863
200802,FEB 2008,4 - North,161,316,1433,1411,1464,0,0,0,221,1546,6170,382
200803,MAR 2008,1 - Interior,352,744,2582,2602,3954,30,2,0,326,2278,12192,678
200803,MAR 2008,2 - Coast Fraser,1487,2599,10765,11733,14984,137,31,0,933,6322,46571,2420
200803,MAR 2008,3 - Vancouver Island,447,891,4053,3034,6648,0,0,0,418,2922,17548,865
200803,MAR 2008,4 - North,162,316,1441,1411,1489,0,0,0,220,1539,6196,382
200804,APR 2008,1 - Interior,345,757,2714,2582,3878,30,2,29,320,2249,12241,665
200804,APR 2008,2 - Coast Fraser,1492,2577,10898,11628,15019,112,29,112,937,6414,46789,2429
200804,APR 2008,3 - Vancouver Island,446,933,4166,3007,6632,0,0,0,421,2948,17686,867
200804,APR 2008,4 - North,162,318,1371,1404,1521,0,0,64,220,1542,6220,382
200805,MAY 2008,1 - Interior,344,757,2706,2582,3878,30,2,29,318,2236,12220,662
200805,MAY 2008,2 - Coast Fraser,1501,2615,10974,11648,15033,112,29,136,941,6450,46997,2442
200805,MAY 2008,3 - Vancouver Island,444,937,4166,2987,6603,0,0,8,423,2964,17665,867
200805,MAY 2008,4 - North,162,318,1379,1404,1521,0,0,64,222,1557,6243,384
200806,JUN 2008,1 - Interior,346,757,2742,2582,3873,30,2,29,322,2265,12280,668
200806,JUN 2008,2 - Coast Fraser,1509,2641,11026,11644,15054,112,29,181,943,6466,47153,2452
200806,JUN 2008,3 - Vancouver Island,445,937,4176,2967,6613,0,0,24,422,2958,17675,867
200806,JUN 2008,4 - North,160,318,1379,1369,1505,0,0,72,220,1545,6188,380
200807,JUL 2008,1 - Interior,339,761,2716,2526,3715,30,2,45,302,2127,11922,641
200807,JUL 2008,2 - Coast Fraser,1498,2653,11056,11433,14978,112,29,197,939,6436,46894,2437
200807,JUL 2008,3 - Vancouver Island,438,941,4180,2940,6534,0,0,24,408,2861,17480,846
200807,JUL 2008,4 - North,156,318,1367,1344,1454,0,0,80,217,1525,6088,373
200808,AUG 2008,1 - Interior,339,761,2732,2523,3720,30,2,45,297,2092,11905,636
200808,AUG 2008,2 - Coast Fraser,1503,2684,11153,11453,15042,84,29,213,938,6431,47089,2441
200808,AUG 2008,3 - Vancouver Island,439,941,4221,3001,6575,0,0,32,410,2875,17645,849
200808,AUG 2008,4 - North,155,318,1356,1344,1454,0,0,80,217,1525,6077,372
200809,SEP 2008,1 - Interior,353,818,2854,2595,3925,30,2,61,292,2056,12341,645
200809,SEP 2008,2 - Coast Fraser,1541,2796,11493,11703,15355,84,29,285,943,6469,48214,2484
200809,SEP 2008,3 - Vancouver Island,444,941,4365,3085,6719,0,0,48,403,2828,17986,847
200809,SEP 2008,4 - North,166,354,1392,1368,1534,0,0,104,215,1513,6265,381
200810,OCT 2008,1 - Interior,356,830,2868,2634,3994,30,2,69,291,2049,12476,647
200810,OCT 2008,2 - Coast Fraser,1553,2827,11640,11757,15428,84,29,285,946,6495,48545,2499
200810,OCT 2008,3 - Vancouver Island,448,941,4390,3089,6742,0,0,56,403,2829,18047,851
200810,OCT 2008,4 - North,166,354,1392,1373,1534,0,0,104,216,1521,6278,382
200811,NOV 2008,1 - Interior,356,838,2861,2652,3994,30,2,69,298,2098,12544,654
200811,NOV 2008,2 - Coast Fraser,1564,2853,11734,11768,15485,84,29,301,964,6620,48874,2528
200811,NOV 2008,3 - Vancouver Island,449,941,4358,3108,6767,0,0,64,405,2848,18086,854
200811,NOV 2008,4 - North,168,354,1392,1388,1544,0,0,112,224,1579,6369,392
200812,DEC 2008,1 - Interior,361,862,2911,2677,4041,30,2,77,302,2128,12728,663
200812,DEC 2008,2 - Coast Fraser,1570,2853,11843,11784,15620,84,29,309,974,6694,49216,2544
200812,DEC 2008,3 - Vancouver Island,450,941,4358,3108,6783,0,0,64,403,2837,18091,853
200812,DEC 2008,4 - North,168,354,1361,1398,1551,0,0,112,226,1593,6369,394
200901,JAN 2009,1 - Interior,362,862,2911,2677,4051,30,2,78,306,2156,12767,668
200901,JAN 2009,2 - Coast Fraser,1573,2881,11871,11784,15567,84,29,309,987,6790,49315,2560
200901,JAN 2009,3 - Vancouver Island,450,941,4363,3108,6783,0,0,68,402,2829,18092,852
200901,JAN 2009,4 - North,170,354,1367,1398,1551,0,0,120,225,1586,6376,395
200902,FEB 2009,1 - Interior,364,870,2927,2686,4081,30,2,78,315,2222,12896,679
200902,FEB 2009,2 - Coast Fraser,1578,2913,11931,11786,15633,84,29,309,988,6801,49486,2566
200902,FEB 2009,3 - Vancouver Island,453,961,4409,3122,6790,0,0,68,407,2866,18216,860
200902,FEB 2009,4 - North,170,354,1367,1398,1551,0,0,120,230,1622,6412,400
200903,MAR 2009,1 - Interior,364,870,2992,2672,4081,30,2,70,321,2265,12982,685
200903,MAR 2009,2 - Coast Fraser,1585,2997,11947,11814,15632,84,29,301,996,6860,49664,2581
200903,MAR 2009,3 - Vancouver Island,455,981,4394,3082,6758,0,0,76,412,2901,18192,867
200903,MAR 2009,4 - North,171,354,1367,1423,1551,0,0,120,236,1665,6480,407
200904,APR 2009,1 - Interior,361,870,2987,2650,4156,30,10,64,321,2270,13037,682
200904,APR 2009,2 - Coast Fraser,1577,3112,12044,11622,15564,51,13,407,1005,6939,49752,2582
200904,APR 2009,3 - Vancouver Island,455,986,4347,3110,6811,0,0,128,408,2879,18261,863
200904,APR 2009,4 - North,160,338,1276,1363,1496,0,0,144,236,1674,6291,396
200905,MAY 2009,1 - Interior,361,870,2987,2650,4161,30,10,64,324,2292,13064,685
200905,MAY 2009,2 - Coast Fraser,1579,3096,12022,11672,15604,51,13,399,1006,6946,49803,2585
200905,MAY 2009,3 - Vancouver Island,457,986,4347,3110,6839,0,0,128,412,2907,18317,869
200905,MAY 2009,4 - North,161,338,1276,1368,1496,0,0,152,239,1696,6326,400
200906,JUN 2009,1 - Interior,362,870,2998,2645,4136,30,10,72,333,2356,13117,695
200906,JUN 2009,2 - Coast Fraser,1579,3098,12085,11673,15571,51,13,407,1007,6954,49852,2586
200906,JUN 2009,3 - Vancouver Island,459,986,4347,3140,6859,0,0,128,417,2943,18403,876
200906,JUN 2009,4 - North,160,338,1291,1348,1496,0,0,152,240,1703,6328,400
200907,JUL 2009,1 - Interior,353,869,2979,2577,4094,30,10,72,327,2316,12947,680
200907,JUL 2009,2 - Coast Fraser,1565,3127,12185,11433,15467,51,5,415,992,6852,49535,2557
200907,JUL 2009,3 - Vancouver Island,456,986,4344,3088,6859,0,0,128,420,2967,18372,876
200907,JUL 2009,4 - North,160,338,1291,1330,1511,0,0,160,234,1663,6293,394
200908,AUG 2009,1 - Interior,353,869,2969,2577,4094,30,10,80,327,2318,12947,680
200908,AUG 2009,2 - Coast Fraser,1572,3178,12203,11485,15543,51,5,423,991,6848,49736,2563
200908,AUG 2009,3 - Vancouver Island,457,986,4368,3088,6867,0,0,128,415,2932,18369,872
200908,AUG 2009,4 - North,159,322,1267,1310,1511,0,0,168,230,1637,6215,389
200909,SEP 2009,1 - Interior,360,889,2936,2660,4182,30,10,168,326,2311,13186,686
200909,SEP 2009,2 - Coast Fraser,1589,3184,12312,11622,15941,51,5,439,987,6820,50374,2576
200909,SEP 2009,3 - Vancouver Island,459,998,4414,3129,6976,0,0,120,408,2883,18520,867
200909,SEP 2009,4 - North,158,322,1267,1310,1529,0,0,168,226,1608,6204,384
200910,OCT 2009,1 - Interior,361,901,2924,2664,4184,30,10,176,326,2312,13201,687
200910,OCT 2009,2 - Coast Fraser,1597,3212,12324,11671,16157,51,5,463,996,6895,50778,2593
200910,OCT 2009,3 - Vancouver Island,459,998,4418,3161,6932,0,0,128,413,2921,18558,872
200910,OCT 2009,4 - North,158,322,1267,1310,1529,0,0,168,235,1672,6268,393
200911,NOV 2009,1 - Interior,362,913,3040,2619,4180,0,8,176,329,2334,13270,691
200911,NOV 2009,2 - Coast Fraser,1606,3232,12406,11718,16195,15,5,503,1007,6976,51050,2613
200911,NOV 2009,3 - Vancouver Island,462,998,4438,3169,6937,0,0,136,417,2951,18629,879
200911,NOV 2009,4 - North,159,316,1299,1326,1514,0,0,174,239,1702,6331,398
200912,DEC 2009,1 - Interior,364,925,3060,2649,4200,0,0,176,333,2364,13374,697
200912,DEC 2009,2 - Coast Fraser,1614,3328,12513,11775,16060,0,0,519,1025,7105,51300,2639
200912,DEC 2009,3 - Vancouver Island,461,1008,4458,3171,6881,0,0,136,422,2986,18640,883
200912,DEC 2009,4 - North,161,316,1323,1336,1494,0,0,182,242,1724,6375,403
201001,JAN 2010,1 - Interior,365,933,3060,2669,4218,0,0,176,330,2345,13401,695
201001,JAN 2010,2 - Coast Fraser,1617,3350,12578,11785,16045,0,0,519,1023,7094,51371,2640
201001,JAN 2010,3 - Vancouver Island,459,1002,4400,3191,6892,0,0,136,419,2965,18586,878
201001,JAN 2010,4 - North,162,316,1323,1347,1494,0,0,198,241,1715,6393,403
201002,FEB 2010,1 - Interior,366,941,3088,2671,4217,0,0,152,330,2348,13417,696
201002,FEB 2010,2 - Coast Fraser,1626,3355,12764,11871,16067,0,0,551,1017,7059,51667,2643
201002,FEB 2010,3 - Vancouver Island,462,1014,4469,3211,6842,0,0,136,423,2994,18666,885
201002,FEB 2010,4 - North,161,294,1311,1381,1514,0,0,222,244,1737,6459,405
201003,MAR 2010,1 - Interior,367,941,3088,2671,4237,0,0,152,333,2369,13458,700
201003,MAR 2010,2 - Coast Fraser,1635,3403,12925,11873,16062,0,0,559,1023,7104,51926,2658
201003,MAR 2010,3 - Vancouver Island,463,1030,4492,3266,6837,0,0,144,422,2986,18755,885
201003,MAR 2010,4 - North,164,294,1311,1421,1539,0,0,222,242,1724,6511,406
201004,APR 2010,1 - Interior,365,959,3081,2692,4235,0,0,160,326,2323,13450,691
201004,APR 2010,2 - Coast Fraser,1618,3408,12980,11923,16060,0,0,617,1005,6991,51979,2623
201004,APR 2010,3 - Vancouver Island,460,1058,4489,3234,6707,0,0,172,415,2936,18596,875
201004,APR 2010,4 - North,160,302,1336,1349,1469,0,0,254,240,1709,6419,400
201005,MAY 2010,1 - Interior,364,979,3089,2660,4225,0,0,160,326,2325,13438,690
201005,MAY 2010,2 - Coast Fraser,1615,3428,13022,11981,16056,0,0,633,1011,7034,52154,2626
201005,MAY 2010,3 - Vancouver Island,459,1083,4481,3234,6647,0,0,172,416,2944,18561,875
201005,MAY 2010,4 - North,161,302,1356,1344,1479,0,0,254,240,1710,6445,401
201006,JUN 2010,1 - Interior,365,976,3077,2652,4224,0,0,184,328,2339,13452,693
201006,JUN 2010,2 - Coast Fraser,1614,3428,13017,11942,16077,0,0,649,1011,7040,52153,2625
201006,JUN 2010,3 - Vancouver Island,459,1083,4464,3234,6635,0,0,180,419,2965,18561,878
201006,JUN 2010,4 - North,161,302,1356,1344,1479,0,0,254,242,1724,6459,403
201007,JUL 2010,1 - Interior,359,988,3077,2577,4185,0,0,192,320,2281,13300,679
201007,JUL 2010,2 - Coast Fraser,1578,3450,12868,11630,15918,0,0,665,1007,7021,51552,2585
201007,JUL 2010,3 - Vancouver Island,454,1076,4499,3220,6566,0,0,180,415,2940,18481,869
201007,JUL 2010,4 - North,161,302,1356,1357,1482,0,0,254,243,1731,6482,404
201008,AUG 2010,1 - Interior,359,996,3081,2537,4153,0,0,200,319,2274,13241,678
201008,AUG 2010,2 - Coast Fraser,1582,3462,12889,11655,15938,0,0,657,1003,6994,51595,2585
201008,AUG 2010,3 - Vancouver Island,456,1084,4515,3211,6576,0,0,188,415,2943,18517,871
201008,AUG 2010,4 - North,160,302,1356,1357,1472,0,0,254,244,1737,6478,404
201009,SEP 2010,1 - Interior,369,1036,3207,2723,4332,0,0,200,312,2223,13721,681
201009,SEP 2010,2 - Coast Fraser,1594,3557,13091,11710,16056,0,0,688,996,6943,52045,2590
201009,SEP 2010,3 - Vancouver Island,462,1095,4600,3277,6648,0,0,212,407,2885,18717,869
201009,SEP 2010,4 - North,162,302,1356,1357,1518,0,0,254,238,1695,6482,400
201010,OCT 2010,1 - Interior,368,1028,3191,2712,4327,0,0,200,317,2259,13717,685
201010,OCT 2010,2 - Coast Fraser,1604,3627,13149,11851,16087,0,0,688,1005,7004,52406,2609
201010,OCT 2010,3 - Vancouver Island,464,1128,4674,3397,6641,0,0,236,410,2910,18986,874
201010,OCT 2010,4 - North,166,302,1356,1357,1616,0,0,254,240,1709,6594,406
201011,NOV 2010,1 - Interior,370,1060,3197,2712,4351,0,0,192,318,2266,13778,688
201011,NOV 2010,2 - Coast Fraser,1611,3659,13176,11876,16086,0,0,712,1008,7026,52535,2619
201011,NOV 2010,3 - Vancouver Island,464,1130,4673,3353,6634,0,0,244,410,2912,18946,874
201011,NOV 2010,4 - North,167,302,1356,1377,1625,0,0,262,243,1731,6653,410
201012,DEC 2010,1 - Interior,373,1080,3213,2722,4374,0,0,200,320,2282,13871,693
201012,DEC 2010,2 - Coast Fraser,1615,3670,13226,11916,16150,0,0,727,1011,7053,52742,2626
201012,DEC 2010,3 - Vancouver Island,463,1130,4658,3373,6661,0,0,244,412,2930,18996,875
201012,DEC 2010,4 - North,166,302,1356,1357,1625,0,0,262,243,1731,6633,409
201101,JAN 2011,1 - Interior,371,1072,3222,2702,4345,0,0,192,322,2295,13828,693
201101,JAN 2011,2 - Coast Fraser,1622,3676,13221,11954,16176,0,0,751,1021,7126,52904,2643
201101,JAN 2011,3 - Vancouver Island,462,1130,4675,3352,6643,0,0,236,416,2961,18997,878
201101,JAN 2011,4 - North,167,302,1354,1357,1629,0,0,262,240,1709,6613,407
201102,FEB 2011,1 - Interior,371,1080,3222,2712,4329,0,0,200,324,2310,13853,695
201102,FEB 2011,2 - Coast Fraser,1632,3718,13331,11954,16178,0,0,744,1028,7186,53111,2660
201102,FEB 2011,3 - Vancouver Island,463,1130,4683,3368,6647,0,0,244,414,2947,19019,877
201102,FEB 2011,4 - North,165,302,1318,1357,1631,0,0,262,244,1736,6606,409
201103,MAR 2011,1 - Interior,371,1080,3214,2720,4329,0,0,200,328,2338,13881,699
201103,MAR 2011,2 - Coast Fraser,1640,3718,13386,12034,16210,0,0,760,1034,7233,53341,2674
201103,MAR 2011,3 - Vancouver Island,463,1130,4675,3376,6647,0,0,244,420,2989,19061,883
201103,MAR 2011,4 - North,165,302,1326,1363,1631,0,0,262,247,1757,6641,412
201104,APR 2011,1 - Interior,370,1100,3225,2708,4325,0,0,192,306,2183,13733,676
201104,APR 2011,2 - Coast Fraser,1637,3886,13457,12055,15950,0,0,747,1004,7023,53118,2641
201104,APR 2011,3 - Vancouver Island,464,1150,4665,3365,6646,0,0,252,407,2903,18981,871
201104,APR 2011,4 - North,165,312,1373,1350,1528,0,0,294,228,1622,6479,393
201105,MAY 2011,1 - Interior,371,1112,3225,2708,4323,0,0,200,304,2169,13737,675
201105,MAY 2011,2 - Coast Fraser,1643,3946,13523,12059,15978,0,0,755,1023,7172,53433,2666
201105,MAY 2011,3 - Vancouver Island,463,1144,4640,3365,6652,0,0,244,414,2953,18998,877
201105,MAY 2011,4 - North,165,312,1373,1350,1528,0,0,294,228,1622,6479,393
201106,JUN 2011,1 - Interior,371,1112,3249,2728,4347,0,0,192,305,2176,13804,676
201106,JUN 2011,2 - Coast Fraser,1649,3986,13604,12076,16006,0,0,794,1022,7166,53632,2671
201106,JUN 2011,3 - Vancouver Island,461,1152,4640,3365,6616,0,0,244,413,2946,18963,874
201106,JUN 2011,4 - North,166,312,1373,1358,1528,0,0,294,228,1621,6486,394
201107,JUL 2011,1 - Interior,365,1108,3248,2655,4300,0,0,184,299,2135,13630,664
201107,JUL 2011,2 - Coast Fraser,1625,4002,13671,11795,15832,0,0,770,1013,7097,53167,2638
201107,JUL 2011,3 - Vancouver Island,455,1152,4604,3338,6664,0,0,236,409,2918,18912,864
201107,JUL 2011,4 - North,162,312,1368,1303,1555,0,0,302,223,1586,6426,385
201108,AUG 2011,1 - Interior,368,1120,3305,2655,4308,0,0,184,300,2142,13714,668
201108,AUG 2011,2 - Coast Fraser,1628,4010,13682,11785,15865,0,0,778,1010,7075,53195,2638
201108,AUG 2011,3 - Vancouver Island,455,1184,4626,3338,6715,0,0,260,408,2910,19033,863
201108,AUG 2011,4 - North,161,312,1352,1283,1547,0,0,294,222,1579,6367,383
201109,SEP 2011,1 - Interior,371,1140,3362,2692,4343,0,0,191,297,2120,13848,668
201109,SEP 2011,2 - Coast Fraser,1665,4140,13953,12145,16285,0,0,794,1002,7024,54341,2667
201109,SEP 2011,3 - Vancouver Island,459,1206,4651,3385,6838,0,0,292,408,2912,19284,867
201109,SEP 2011,4 - North,164,312,1352,1303,1599,0,0,310,217,1543,6419,381
201110,OCT 2011,1 - Interior,374,1140,3370,2766,4340,0,0,183,296,2114,13913,670
201110,OCT 2011,2 - Coast Fraser,1683,4190,13997,12378,16405,0,0,788,1016,7130,54888,2699
201110,OCT 2011,3 - Vancouver Island,457,1230,4722,3369,6783,0,0,300,408,2913,19317,865
201110,OCT 2011,4 - North,164,312,1340,1273,1579,0,0,310,217,1544,6358,381
201111,NOV 2011,1 - Interior,378,1152,3404,2787,4388,0,0,183,299,2137,14051,677
201111,NOV 2011,2 - Coast Fraser,1692,4218,14094,12460,16540,0,0,819,1022,7173,55304,2714
201111,NOV 2011,3 - Vancouver Island,458,1230,4779,3288,6817,0,0,348,413,2948,19410,871
201111,NOV 2011,4 - North,166,312,1340,1273,1607,0,0,318,219,1558,6408,385
201112,DEC 2011,1 - Interior,381,1176,3407,2798,4467,0,0,183,299,2135,14166,680
201112,DEC 2011,2 - Coast Fraser,1694,4220,14077,12500,16575,0,0,827,1030,7234,55433,2724
201112,DEC 2011,3 - Vancouver Island,463,1234,4836,3312,6863,0,0,364,415,2964,19573,878
201112,DEC 2011,4 - North,167,312,1340,1283,1607,0,0,318,220,1565,6425,387
201201,JAN 2012,1 - Interior,382,1212,3427,2846,4471,0,0,183,295,2105,14244,677
201201,JAN 2012,2 - Coast Fraser,1700,4224,14115,12555,16735,0,0,851,1035,7268,55748,2735
201201,JAN 2012,3 - Vancouver Island,462,1238,4844,3320,6843,0,0,364,417,2979,19588,879
201201,JAN 2012,4 - North,166,308,1346,1263,1607,0,0,326,222,1579,6429,388
201202,FEB 2012,1 - Interior,384,1224,3427,2847,4485,0,0,183,298,2129,14295,682
201202,FEB 2012,2 - Coast Fraser,1700,4273,14081,12632,16682,0,0,847,1045,7343,55858,2745
201202,FEB 2012,3 - Vancouver Island,466,1238,4896,3341,6875,0,0,372,421,3007,19729,887
201202,FEB 2012,4 - North,164,308,1326,1263,1577,0,0,326,226,1610,6410,390
201203,MAR 2012,1 - Interior,384,1236,3449,2853,4501,0,0,175,296,2116,14330,680
201203,MAR 2012,2 - Coast Fraser,1699,4273,14125,12574,16661,0,0,847,1065,7486,55966,2764
201203,MAR 2012,3 - Vancouver Island,467,1230,4896,3357,6875,0,0,380,426,3044,19782,893
201203,MAR 2012,4 - North,165,320,1301,1263,1577,0,0,342,228,1626,6429,393
201204,APR 2012,1 - Interior,378,1235,3452,2741,4524,0,0,199,291,2083,14234,669
201204,APR 2012,2 - Coast Fraser,1695,4332,14247,12409,16661,0,0,864,1059,7452,55965,2754
201204,APR 2012,3 - Vancouver Island,463,1258,4955,3258,6755,0,0,364,420,2998,19588,883
201204,APR 2012,4 - North,165,320,1298,1277,1551,0,0,374,224,1599,6419,389
201205,MAY 2012,1 - Interior,378,1243,3452,2741,4524,0,0,199,290,2076,14235,668
201205,MAY 2012,2 - Coast Fraser,1707,4364,14393,12458,16749,0,0,904,1054,7417,56285,2761
201205,MAY 2012,3 - Vancouver Island,462,1262,4951,3262,6763,0,0,364,418,2983,19585,880
201205,MAY 2012,4 - North,164,320,1298,1271,1544,0,0,374,224,1599,6406,388
201206,JUN 2012,1 - Interior,377,1243,3450,2741,4514,0,0,199,291,2085,14232,668
201206,JUN 2012,2 - Coast Fraser,1705,4376,14450,12458,16689,0,0,896,1062,7478,56347,2767
201206,JUN 2012,3 - Vancouver Island,463,1266,4960,3262,6774,0,0,364,417,2977,19603,880
201206,JUN 2012,4 - North,165,320,1298,1271,1554,0,0,374,227,1620,6437,392
201207,JUL 2012,1 - Interior,372,1265,3486,2648,4516,0,0,207,289,2071,14193,661
201207,JUL 2012,2 - Coast Fraser,1685,4325,14427,12217,16471,0,0,928,1060,7470,55838,2745
201207,JUL 2012,3 - Vancouver Island,458,1242,4933,3186,6757,0,0,380,405,2890,19388,863
201207,JUL 2012,4 - North,163,320,1298,1261,1568,0,0,374,219,1564,6385,382
201208,AUG 2012,1 - Interior,372,1265,3486,2648,4516,0,0,207,284,2035,14157,656
201208,AUG 2012,2 - Coast Fraser,1681,4341,14428,12160,16423,0,0,920,1066,7515,55787,2747
201208,AUG 2012,3 - Vancouver Island,459,1246,4917,3186,6747,0,0,396,403,2877,19369,862
201208,AUG 2012,4 - North,164,320,1298,1261,1578,0,0,374,215,1536,6367,379
201209,SEP 2012,1 - Interior,375,1269,3556,2702,4556,0,0,215,284,2036,14334,659
201209,SEP 2012,2 - Coast Fraser,1712,4405,14699,12383,17079,0,0,947,1057,7448,56961,2769
201209,SEP 2012,3 - Vancouver Island,465,1250,4926,3198,6869,0,0,412,395,2820,19475,860
201209,SEP 2012,4 - North,167,320,1298,1261,1666,0,0,374,212,1514,6433,379
201210,OCT 2012,1 - Interior,378,1281,3590,2750,4602,0,0,223,283,2031,14477,661
201210,OCT 2012,2 - Coast Fraser,1722,4477,14764,12418,17270,0,0,979,1054,7438,57346,2776
201210,OCT 2012,3 - Vancouver Island,468,1250,4954,3221,6887,0,0,412,390,2789,19513,858
201210,OCT 2012,4 - North,166,320,1304,1261,1696,0,0,358,211,1507,6446,377
201211,NOV 2012,1 - Interior,380,1309,3567,2742,4602,0,0,239,284,2037,14496,664
201211,NOV 2012,2 - Coast Fraser,1731,4518,14843,12435,17296,0,0,987,1052,7427,57506,2783
201211,NOV 2012,3 - Vancouver Island,469,1250,4968,3247,6893,0,0,420,394,2819,19597,863
201211,NOV 2012,4 - North,167,320,1304,1261,1704,0,0,366,210,1501,6456,377
201212,DEC 2012,1 - Interior,383,1321,3590,2758,4612,0,0,247,288,2068,14596,671
201212,DEC 2012,2 - Coast Fraser,1736,4576,14899,12525,17382,0,0,973,1053,7436,57791,2789
201212,DEC 2012,3 - Vancouver Island,468,1258,4956,3247,6868,0,0,420,397,2840,19589,865
201212,DEC 2012,4 - North,169,320,1304,1261,1728,0,0,374,208,1484,6471,377
201301,JAN 2013,1 - Interior,383,1317,3586,2752,4601,0,0,263,288,2069,14588,671
201301,JAN 2013,2 - Coast Fraser,1742,4598,14876,12640,17445,0,0,965,1045,7384,57908,2787
201301,JAN 2013,3 - Vancouver Island,470,1266,5004,3294,6934,0,0,420,397,2840,19758,867
201301,JAN 2013,4 - North,170,328,1320,1261,1711,0,0,374,207,1477,6471,377
201302,FEB 2013,1 - Interior,386,1321,3587,2792,4605,0,0,263,287,2061,14629,673
201302,FEB 2013,2 - Coast Fraser,1742,4620,14893,12684,17427,0,0,965,1046,7391,57980,2788
201302,FEB 2013,3 - Vancouver Island,471,1274,5006,3294,6934,0,0,420,396,2834,19762,867
201302,FEB 2013,4 - North,171,328,1320,1261,1725,0,0,374,207,1477,6485,378
201303,MAR 2013,1 - Interior,389,1360,3639,2792,4633,0,0,263,287,2061,14748,676
201303,MAR 2013,2 - Coast Fraser,1746,4630,14918,12680,17479,0,0,965,1051,7426,58098,2797
201303,MAR 2013,3 - Vancouver Island,471,1274,5039,3294,6890,0,0,420,396,2836,19753,867
201303,MAR 2013,4 - North,173,328,1320,1281,1737,0,0,374,209,1491,6531,382
201304,APR 2013,1 - Interior,388,1352,3600,2792,4623,0,0,310,280,2012,14689,668
201304,APR 2013,2 - Coast Fraser,1733,4671,14976,12577,17295,0,0,1005,1030,7277,57801,2763
201304,APR 2013,3 - Vancouver Island,468,1342,4980,3282,6861,0,0,452,393,2815,19732,861
201304,APR 2013,4 - North,169,312,1294,1233,1735,0,0,430,195,1390,6394,364
201305,MAY 2013,1 - Interior,390,1340,3629,2844,4593,0,0,318,284,2043,14767,674
201305,MAY 2013,2 - Coast Fraser,1742,4675,15023,12607,17322,0,0,1034,1030,7275,57936,2772
201305,MAY 2013,3 - Vancouver Island,468,1350,4988,3282,6878,0,0,452,397,2843,19793,865
201305,MAY 2013,4 - North,169,312,1294,1233,1735,0,0,432,198,1412,6418,367
201306,JUN 2013,1 - Interior,389,1340,3629,2844,4580,0,0,318,285,2051,14762,674
201306,JUN 2013,2 - Coast Fraser,1746,4719,15068,12613,17366,0,0,1034,1041,7351,58151,2787
201306,JUN 2013,3 - Vancouver Island,466,1318,4967,3265,6850,0,0,428,395,2830,19658,861
201306,JUN 2013,4 - North,168,312,1294,1233,1735,0,0,424,198,1412,6410,366
201307,JUL 2013,1 - Interior,382,1340,3613,2834,4559,0,0,318,282,2030,14694,664
201307,JUL 2013,2 - Coast Fraser,1735,4739,14987,12493,17243,0,0,1026,1030,7272,57760,2765
201307,JUL 2013,3 - Vancouver Island,459,1340,5006,3169,6563,0,0,438,390,2795,19311,849
201307,JUL 2013,4 - North,168,312,1294,1233,1713,0,0,432,193,1373,6357,361
201308,AUG 2013,1 - Interior,385,1348,3646,2842,4564,0,0,334,283,2039,14773,668
201308,AUG 2013,2 - Coast Fraser,1742,4773,15015,12533,17307,0,0,1042,1026,7241,57911,2768
201308,AUG 2013,3 - Vancouver Island,460,1348,5056,3149,6563,0,0,438,390,2797,19351,850
201308,AUG 2013,4 - North,167,312,1298,1233,1725,0,0,440,189,1344,6352,356
201309,SEP 2013,1 - Interior,385,1400,3784,2867,4603,0,0,350,280,2019,15023,665
201309,SEP 2013,2 - Coast Fraser,1757,4874,15288,12554,17559,0,0,1034,1017,7169,58478,2774
201309,SEP 2013,3 - Vancouver Island,468,1352,5063,3206,6606,0,0,446,388,2783,19456,856
201309,SEP 2013,4 - North,164,320,1264,1237,1716,0,0,448,189,1343,6328,353
201310,OCT 2013,1 - Interior,386,1388,3817,2849,4593,0,0,372,275,1981,15000,661
201310,OCT 2013,2 - Coast Fraser,1764,4889,15399,12449,17635,0,0,1055,1015,7161,58588,2779
201310,OCT 2013,3 - Vancouver Island,475,1370,5110,3256,6667,0,0,438,388,2783,19624,863
201310,OCT 2013,4 - North,163,320,1265,1261,1716,0,0,440,191,1357,6359,354
201311,NOV 2013,1 - Interior,384,1380,3794,2849,4572,0,0,379,275,1981,14955,659
201311,NOV 2013,2 - Coast Fraser,1778,4969,15503,12458,17648,0,0,1087,1016,7176,58841,2794
201311,NOV 2013,3 - Vancouver Island,476,1370,5111,3276,6691,0,0,438,391,2804,19690,867
201311,NOV 2013,4 - North,167,320,1265,1327,1759,0,0,448,189,1343,6462,356
201312,DEC 2013,1 - Interior,385,1400,3808,2891,4557,0,0,371,276,1989,15016,661
201312,DEC 2013,2 - Coast Fraser,1789,5032,15676,12433,17631,0,0,1079,1018,7186,59037,2807
201312,DEC 2013,3 - Vancouver Island,477,1370,5129,3276,6691,0,0,438,392,2811,19715,869
201312,DEC 2013,4 - North,168,320,1285,1337,1759,0,0,448,192,1364,6513,360
201401,JAN 2014,1 - Interior,385,1412,3800,2890,4525,0,0,379,276,1990,14996,661
201401,JAN 2014,2 - Coast Fraser,1792,5020,15722,12449,17691,0,0,1087,1018,7189,59158,2810
201401,JAN 2014,3 - Vancouver Island,476,1358,5129,3356,6751,0,0,438,391,2803,19835,867
201401,JAN 2014,4 - North,168,320,1293,1337,1759,0,0,456,185,1314,6479,353
201402,FEB 2014,1 - Interior,387,1448,3837,2890,4525,0,0,379,276,1990,15069,663
201402,FEB 2014,2 - Coast Fraser,1799,5175,15917,12485,17841,0,0,1095,1016,7181,59694,2815
201402,FEB 2014,3 - Vancouver Island,479,1424,5154,3356,6751,0,0,438,391,2803,19926,870
201402,FEB 2014,4 - North,169,320,1283,1337,1758,0,0,464,186,1321,6483,355
201403,MAR 2014,1 - Interior,386,1448,3825,2890,4517,0,0,379,276,1990,15049,662
201403,MAR 2014,2 - Coast Fraser,1799,5213,15974,12485,17765,0,0,1089,1020,7204,59730,2819
201403,MAR 2014,3 - Vancouver Island,476,1412,5129,3351,6721,0,0,438,396,2839,19890,872
201403,MAR 2014,4 - North,168,308,1255,1331,1758,0,0,472,186,1321,6445,354
201404,APR 2014,1 - Interior,386,1456,3772,2875,4602,0,0,411,263,1901,15017,649
201404,APR 2014,2 - Coast Fraser,1806,5328,16277,12488,17882,0,0,1100,980,6930,60005,2786
201404,APR 2014,3 - Vancouver Island,476,1430,5223,3423,6776,0,0,446,379,2718,20016,855
201404,APR 2014,4 - North,167,300,1228,1302,1744,0,0,492,182,1292,6358,349
201405,MAY 2014,1 - Interior,385,1468,3772,2868,4614,0,0,387,266,1923,15032,651
201405,MAY 2014,2 - Coast Fraser,1813,5391,16383,12548,17955,0,0,1100,989,7000,60377,2802
201405,MAY 2014,3 - Vancouver Island,476,1446,5248,3441,6792,0,0,446,383,2745,20118,859
201405,MAY 2014,4 - North,167,300,1232,1322,1744,0,0,492,179,1270,6360,346
201406,JUN 2014,1 - Interior,385,1484,3772,2868,4602,0,0,387,264,1910,15023,649
201406,JUN 2014,2 - Coast Fraser,1815,5397,16404,12512,17911,0,0,1122,1000,7078,60424,2815
201406,JUN 2014,3 - Vancouver Island,478,1470,5298,3461,6811,0,0,462,382,2738,20240,860
201406,JUN 2014,4 - North,169,300,1232,1332,1769,0,0,492,178,1263,6388,347
201407,JUL 2014,1 - Interior,382,1472,3716,2867,4536,0,0,411,258,1864,14866,640
201407,JUL 2014,2 - Coast Fraser,1807,5453,16474,12377,17983,0,0,1098,994,7034,60419,2801
201407,JUL 2014,3 - Vancouver Island,470,1470,5314,3387,6713,0,0,462,376,2695,20041,846
201407,JUL 2014,4 - North,165,300,1232,1302,1769,0,0,476,175,1241,6320,340
201408,AUG 2014,1 - Interior,383,1462,3696,2867,4594,0,0,411,259,1872,14902,642
201408,AUG 2014,2 - Coast Fraser,1815,5521,16521,12407,18032,0,0,1116,983,6960,60557,2798
201408,AUG 2014,3 - Vancouver Island,469,1470,5326,3363,6716,0,0,478,374,2679,20032,843
201408,AUG 2014,4 - North,167,300,1240,1332,1807,0,0,476,179,1270,6425,346
201409,SEP 2014,1 - Interior,384,1482,3683,2951,4674,0,0,404,257,1857,15051,641
201409,SEP 2014,2 - Coast Fraser,1817,5590,16696,12461,18177,0,0,1084,980,6937,60945,2797
201409,SEP 2014,3 - Vancouver Island,470,1444,5317,3394,6851,0,0,486,372,2664,20156,842
201409,SEP 2014,4 - North,169,300,1253,1332,1825,0,0,492,173,1230,6432,342
201410,OCT 2014,1 - Interior,385,1482,3699,2961,4652,0,0,428,256,1850,15072,641
201410,OCT 2014,2 - Coast Fraser,1831,5792,16864,12523,18254,0,0,1084,986,6986,61503,2817
201410,OCT 2014,3 - Vancouver Island,473,1436,5458,3434,7083,0,0,502,376,2691,20604,849
201410,OCT 2014,4 - North,168,312,1253,1332,1801,0,0,484,172,1224,6406,340
201411,NOV 2014,1 - Interior,384,1470,3697,2942,4665,0,0,420,255,1843,15037,639
201411,NOV 2014,2 - Coast Fraser,1835,5900,17003,12492,18270,0,0,1076,990,7016,61757,2825
201411,NOV 2014,3 - Vancouver Island,475,1432,5458,3491,7104,0,0,502,382,2737,20724,857
201411,NOV 2014,4 - North,168,312,1253,1332,1803,0,0,492,172,1225,6417,340
201412,DEC 2014,1 - Interior,385,1486,3713,2946,4665,0,0,428,253,1830,15068,638
201412,DEC 2014,2 - Coast Fraser,1849,6034,17083,12514,18323,0,0,1116,990,7018,62088,2839
201412,DEC 2014,3 - Vancouver Island,476,1452,5443,3489,7128,0,0,502,385,2760,20774,861
201412,DEC 2014,4 - North,168,320,1253,1332,1793,0,0,500,172,1225,6423,340
201501,JAN 2015,1 - Interior,389,1486,3686,2976,4699,0,0,420,251,1814,15081,640
201501,JAN 2015,2 - Coast Fraser,1860,6028,17159,12628,18473,0,0,1134,986,6991,62413,2846
201501,JAN 2015,3 - Vancouver Island,477,1456,5458,3489,7153,0,0,502,388,2781,20839,865
201501,JAN 2015,4 - North,168,308,1228,1361,1793,0,0,500,172,1226,6416,340
201502,FEB 2015,1 - Interior,391,1486,3710,2976,4718,0,0,420,249,1799,15109,640
201502,FEB 2015,2 - Coast Fraser,1861,6016,17168,12660,18506,0,0,1150,984,6984,62484,2845
201502,FEB 2015,3 - Vancouver Island,480,1456,5482,3496,7173,0,0,510,393,2818,20935,873
201502,FEB 2015,4 - North,169,308,1240,1391,1831,0,0,508,173,1233,6511,342
201503,MAR 2015,1 - Interior,392,1486,3694,2976,4718,0,0,444,250,1805,15123,642
201503,MAR 2015,2 - Coast Fraser,1862,6004,17182,12660,18541,0,0,1149,988,7016,62552,2850
201503,MAR 2015,3 - Vancouver Island,482,1450,5498,3496,7173,0,0,517,392,2809,20943,874
201503,MAR 2015,4 - North,169,300,1224,1375,1851,0,0,500,174,1241,6491,343
201504,APR 2015,1 - Interior,387,1458,3733,2891,4728,0,0,422,236,1706,14938,623
201504,APR 2015,2 - Coast Fraser,1844,6042,17240,12443,18482,0,0,1125,943,6693,62025,2787
201504,APR 2015,3 - Vancouver Island,476,1433,5562,3341,7110,0,0,471,369,2646,20563,845
201504,APR 2015,4 - North,168,320,1269,1375,1820,0,0,490,165,1178,6452,333
201505,MAY 2015,1 - Interior,387,1458,3710,2871,4704,0,0,430,237,1714,14887,624
201505,MAY 2015,2 - Coast Fraser,1850,6102,17278,12431,18475,0,0,1133,943,6696,62115,2793
201505,MAY 2015,3 - Vancouver Island,477,1441,5560,3321,7110,0,0,471,370,2654,20557,847
201505,MAY 2015,4 - North,167,324,1232,1367,1830,0,0,490,166,1185,6428,333
201506,JUN 2015,1 - Interior,386,1458,3710,2839,4704,0,0,438,242,1754,14903,628
201506,JUN 2015,2 - Coast Fraser,1860,6160,17384,12461,18520,0,0,1151,951,6748,62424,2811
201506,JUN 2015,3 - Vancouver Island,478,1441,5560,3321,7120,0,0,479,375,2690,20611,853
201506,JUN 2015,4 - North,169,324,1250,1377,1830,0,0,498,165,1178,6457,334
201507,JUL 2015,1 - Interior,378,1430,3717,2814,4686,0,0,446,238,1723,14816,616
201507,JUL 2015,2 - Coast Fraser,1848,6212,17438,12214,18357,0,0,1159,940,6675,62055,2788
201507,JUL 2015,3 - Vancouver Island,471,1465,5550,3265,7124,0,0,463,373,2676,20543,844
201507,JUL 2015,4 - North,162,324,1250,1337,1784,0,0,466,162,1159,6320,324
201508,AUG 2015,1 - Interior,377,1426,3692,2799,4706,0,0,446,238,1723,14792,615
201508,AUG 2015,2 - Coast Fraser,1850,6213,17450,12153,18421,0,0,1159,942,6688,62084,2792
201508,AUG 2015,3 - Vancouver Island,470,1461,5542,3245,7116,0,0,471,370,2653,20488,840
201508,AUG 2015,4 - North,163,324,1250,1337,1784,0,0,474,164,1173,6342,327
201509,SEP 2015,1 - Interior,383,1426,3768,2797,4804,0,0,446,230,1666,14907,613
201509,SEP 2015,2 - Coast Fraser,1861,6314,17692,12231,18723,0,0,1159,930,6603,62722,2791
201509,SEP 2015,3 - Vancouver Island,475,1453,5533,3299,7325,0,0,487,361,2586,20683,836
201509,SEP 2015,4 - North,166,324,1313,1381,1808,0,0,482,162,1158,6466,328
201510,OCT 2015,1 - Interior,389,1470,3784,2908,4866,0,0,454,231,1674,15156,620
201510,OCT 2015,2 - Coast Fraser,1874,6378,17806,12305,18929,0,0,1210,922,6549,63177,2796
201510,OCT 2015,3 - Vancouver Island,479,1449,5500,3295,7380,0,0,527,358,2565,20716,837
201510,OCT 2015,4 - North,165,324,1318,1381,1798,0,0,498,165,1180,6499,330
201511,NOV 2015,1 - Interior,394,1482,3809,2928,4893,0,0,470,229,1661,15243,623
201511,NOV 2015,2 - Coast Fraser,1882,6430,17897,12341,19064,0,0,1218,921,6544,63494,2803
201511,NOV 2015,3 - Vancouver Island,485,1457,5516,3295,7407,0,0,543,360,2579,20797,845
201511,NOV 2015,4 - North,164,324,1318,1371,1798,0,0,498,166,1187,6496,330
201512,DEC 2015,1 - Interior,393,1482,3801,2928,4893,0,0,470,230,1668,15242,623
201512,DEC 2015,2 - Coast Fraser,1891,6474,17982,12397,19144,0,0,1226,924,6569,63792,2815
201512,DEC 2015,3 - Vancouver Island,486,1467,5528,3295,7400,0,0,571,364,2609,20870,850
201512,DEC 2015,4 - North,166,324,1350,1391,1788,0,0,498,168,1201,6552,334
201601,JAN 2016,1 - Interior,393,1480,3843,2938,4883,0,0,478,232,1683,15305,625
201601,JAN 2016,2 - Coast Fraser,1891,6614,18031,12389,19078,0,0,1218,925,6583,63913,2816
201601,JAN 2016,3 - Vancouver Island,484,1451,5560,3279,7372,0,0,579,366,2623,20864,850
201601,JAN 2016,4 - North,166,312,1342,1425,1782,0,0,498,169,1208,6567,335
201602,FEB 2016,1 - Interior,394,1492,3852,2928,4889,0,0,494,235,1706,15361,629
201602,FEB 2016,2 - Coast Fraser,1896,6661,18103,12388,19123,0,0,1236,921,6558,64069,2817
201602,FEB 2016,3 - Vancouver Island,490,1463,5616,3301,7386,0,0,619,370,2653,21038,860
201602,FEB 2016,4 - North,167,324,1374,1425,1806,0,0,506,169,1207,6642,336
201603,MAR 2016,1 - Interior,394,1472,3876,2928,4901,0,0,494,238,1727,15398,632
201603,MAR 2016,2 - Coast Fraser,1898,6633,18141,12398,19103,0,0,1236,923,6576,64087,2821
201603,MAR 2016,3 - Vancouver Island,494,1475,5624,3301,7428,0,0,627,372,2667,21122,866
201603,MAR 2016,4 - North,167,324,1374,1425,1806,0,0,506,171,1221,6656,338
201604,APR 2016,1 - Interior,392,1494,3806,2896,4909,0,0,558,230,1672,15335,622
201604,APR 2016,2 - Coast Fraser,1888,6665,18214,12372,18951,0,0,1214,893,6356,63772,2781
201604,APR 2016,3 - Vancouver Island,484,1462,5535,3193,7344,0,0,635,368,2639,20808,852
201604,APR 2016,4 - North,162,360,1303,1348,1791,0,0,480,161,1150,6432,323
201605,MAY 2016,1 - Interior,395,1506,3846,2915,4948,0,0,566,231,1680,15461,626
201605,MAY 2016,2 - Coast Fraser,1894,6688,18211,12432,19073,0,0,1222,899,6395,64021,2793
201605,MAY 2016,3 - Vancouver Island,486,1494,5572,3201,7324,0,0,635,370,2655,20881,856
201605,MAY 2016,4 - North,164,348,1279,1388,1815,0,0,488,161,1150,6468,325
201606,JUN 2016,1 - Interior,394,1518,3846,2895,4948,0,0,566,231,1680,15453,625
201606,JUN 2016,2 - Coast Fraser,1892,6739,18227,12403,19113,0,0,1214,899,6399,64095,2791
201606,JUN 2016,3 - Vancouver Island,485,1494,5602,3185,7319,0,0,636,371,2661,20897,856
201606,JUN 2016,4 - North,164,348,1279,1388,1815,0,0,488,160,1143,6461,324
201607,JUL 2016,1 - Interior,385,1514,3851,2799,4973,0,0,566,228,1659,15362,613
201607,JUL 2016,2 - Coast Fraser,1878,6767,18321,12157,18955,0,0,1213,887,6310,63723,2765
201607,JUL 2016,3 - Vancouver Island,477,1502,5612,3087,7230,0,0,652,363,2604,20687,840
201607,JUL 2016,4 - North,161,340,1254,1368,1753,0,0,464,162,1158,6337,323
201608,AUG 2016,1 - Interior,386,1538,3892,2799,5013,0,0,566,229,1666,15474,615
201608,AUG 2016,2 - Coast Fraser,1890,6986,18588,12248,19078,0,0,1197,882,6274,64371,2772
201608,AUG 2016,3 - Vancouver Island,478,1490,5616,3087,7261,0,0,660,359,2575,20689,837
201608,AUG 2016,4 - North,163,352,1280,1368,1728,0,0,456,162,1158,6342,325
201609,SEP 2016,1 - Interior,387,1562,3944,2832,5063,0,0,558,224,1631,15590,611
201609,SEP 2016,2 - Coast Fraser,1892,7016,18649,12154,19307,0,0,1197,873,6207,64530,2765
201609,SEP 2016,3 - Vancouver Island,477,1536,5667,3137,7272,0,0,668,360,2589,20869,837
201609,SEP 2016,4 - North,170,360,1297,1401,1862,0,0,480,160,1144,6544,330
201610,OCT 2016,1 - Interior,390,1574,4008,2860,5092,0,0,558,224,1631,15723,614
201610,OCT 2016,2 - Coast Fraser,1915,7070,18837,12272,19615,0,0,1245,875,6227,65266,2790
201610,OCT 2016,3 - Vancouver Island,479,1584,5669,3204,7274,0,0,668,362,2602,21001,841
201610,OCT 2016,4 - North,171,368,1314,1415,1864,0,0,464,158,1130,6555,329
201611,NOV 2016,1 - Interior,393,1586,4016,2870,5116,0,0,566,224,1632,15786,617
201611,NOV 2016,2 - Coast Fraser,1924,7136,18888,12283,19757,0,0,1221,870,6193,65478,2794
201611,NOV 2016,3 - Vancouver Island,484,1596,5737,3248,7311,0,0,668,359,2581,21141,843
201611,NOV 2016,4 - North,172,380,1342,1409,1854,0,0,456,159,1137,6578,331
201612,DEC 2016,1 - Interior,394,1606,4040,2869,5124,0,0,551,225,1640,15830,619
201612,DEC 2016,2 - Coast Fraser,1926,7185,18954,12292,19794,0,0,1213,874,6224,65662,2800
201612,DEC 2016,3 - Vancouver Island,486,1596,5755,3270,7325,0,0,676,361,2594,21216,847
201612,DEC 2016,4 - North,173,380,1383,1389,1845,0,0,464,160,1144,6605,333
201701,JAN 2017,1 - Interior,394,1606,4030,2859,5184,0,0,551,226,1648,15878,620
201701,JAN 2017,2 - Coast Fraser,1927,7229,19005,12310,19814,0,0,1194,869,6190,65742,2796
201701,JAN 2017,3 - Vancouver Island,491,1608,5851,3262,7322,0,0,700,363,2609,21352,854
201701,JAN 2017,4 - North,174,380,1408,1425,1841,0,0,480,160,1144,6678,334
201702,FEB 2017,1 - Interior,394,1606,4030,2859,5184,0,0,551,226,1649,15879,620
201702,FEB 2017,2 - Coast Fraser,1933,7327,19007,12270,19787,0,0,1226,869,6191,65808,2802
201702,FEB 2017,3 - Vancouver Island,492,1592,5889,3262,7314,0,0,692,365,2624,21373,857
201702,FEB 2017,4 - North,175,396,1429,1400,1838,0,0,504,160,1143,6710,335
201703,MAR 2017,1 - Interior,396,1594,4026,2869,5276,0,0,559,226,1649,15973,622
201703,MAR 2017,2 - Coast Fraser,1948,7337,19131,12370,19842,0,0,1274,874,6228,66182,2822
201703,MAR 2017,3 - Vancouver Island,493,1632,5943,3245,7344,0,0,700,370,2660,21524,863
201703,MAR 2017,4 - North,173,396,1429,1410,1838,0,0,480,163,1165,6718,336
201704,APR 2017,1 - Interior,396,1616,4025,2827,5258,0,0,567,219,1596,15889,615
201704,APR 2017,2 - Coast Fraser,1956,7448,19311,12345,19913,0,0,1308,858,6125,66450,2814
201704,APR 2017,3 - Vancouver Island,492,1630,5988,3222,7394,0,0,692,359,2578,21504,851
201704,APR 2017,4 - North,171,383,1365,1332,1861,0,0,460,160,1146,6547,331
201705,MAY 2017,1 - Interior,396,1616,4025,2827,5258,0,0,567,220,1604,15897,616
201705,MAY 2017,2 - Coast Fraser,1957,7452,19332,12351,19912,0,0,1308,864,6175,66530,2821
201705,MAY 2017,3 - Vancouver Island,493,1638,5999,3195,7372,0,0,684,359,2579,21467,852
201705,MAY 2017,4 - North,171,383,1371,1332,1861,0,0,460,162,1161,6568,333
201706,JUN 2017,1 - Interior,398,1628,4042,2842,5283,0,0,567,219,1597,15959,617
201706,JUN 2017,2 - Coast Fraser,1967,7507,19528,12363,19931,0,0,1308,868,6199,66836,2835
201706,JUN 2017,3 - Vancouver Island,493,1638,5991,3193,7372,0,0,684,359,2580,21458,852
201706,JUN 2017,4 - North,172,395,1371,1332,1873,0,0,460,161,1154,6585,333
201707,JUL 2017,1 - Interior,393,1630,4017,2774,5277,0,0,575,210,1532,15805,603
201707,JUL 2017,2 - Coast Fraser,1955,7617,19489,12161,19707,0,0,1314,854,6101,66389,2809
201707,JUL 2017,3 - Vancouver Island,486,1620,5955,3109,7356,0,0,692,349,2506,21238,835
201707,JUL 2017,4 - North,164,383,1346,1265,1788,0,0,460,160,1147,6389,324
201708,AUG 2017,1 - Interior,395,1638,4041,2794,5311,0,0,575,210,1532,15891,605
201708,AUG 2017,2 - Coast Fraser,1955,7633,19496,12118,19685,0,0,1322,848,6064,66318,2803
201708,AUG 2017,3 - Vancouver Island,483,1604,5920,3102,7335,0,0,700,342,2454,21115,825
201708,AUG 2017,4 - North,165,383,1346,1265,1812,0,0,468,157,1126,6400,322
201709,SEP 2017,1 - Interior,397,1642,4057,2773,5336,0,0,615,208,1519,15942,605
201709,SEP 2017,2 - Coast Fraser,1966,7717,19701,12128,19871,0,0,1306,840,6011,66734,2806
201709,SEP 2017,3 - Vancouver Island,491,1616,6060,3144,7408,0,0,692,340,2439,21359,831
201709,SEP 2017,4 - North,165,391,1362,1247,1824,0,0,444,156,1118,6386,321
201710,OCT 2017,1 - Interior,399,1652,4118,2808,5353,0,0,639,211,1542,16112,610
201710,OCT 2017,2 - Coast Fraser,1958,7733,19746,12132,19971,0,0,1310,847,6065,66957,2805
201710,OCT 2017,3 - Vancouver Island,498,1616,6124,3160,7495,0,0,732,346,2483,21610,844
201710,OCT 2017,4 - North,165,391,1362,1247,1831,0,0,451,156,1117,6399,321
201711,NOV 2017,1 - Interior,400,1664,4148,2815,5347,0,0,639,211,1543,16156,611
201711,NOV 2017,2 - Coast Fraser,1956,7731,19761,12169,19967,0,0,1302,846,6061,66991,2802
201711,NOV 2017,3 - Vancouver Island,498,1616,6133,3172,7509,0,0,732,350,2514,21676,848
201711,NOV 2017,4 - North,167,403,1402,1247,1827,0,0,459,159,1140,6478,326
201712,DEC 2017,1 - Interior,401,1664,4148,2815,5357,0,0,647,212,1551,16182,613
201712,DEC 2017,2 - Coast Fraser,1966,7815,19862,12129,19969,0,0,1318,845,6051,67144,2811
201712,DEC 2017,3 - Vancouver Island,498,1616,6158,3172,7511,0,0,732,353,2535,21724,851
201712,DEC 2017,4 - North,167,403,1402,1267,1827,0,0,443,157,1126,6468,324
201801,JAN 2018,1 - Interior,398,1670,4149,2821,5333,0,0,639,215,1572,16184,613
201801,JAN 2018,2 - Coast Fraser,1971,7941,20029,12099,20139,0,0,1305,840,6009,67522,2811
201801,JAN 2018,3 - Vancouver Island,500,1620,6158,3173,7502,0,0,756,351,2520,21729,851
201801,JAN 2018,4 - North,168,399,1387,1257,1828,0,0,459,155,1112,6442,323
201802,FEB 2018,1 - Interior,399,1681,4149,2821,5322,0,0,647,215,1573,16193,614
201802,FEB 2018,2 - Coast Fraser,1976,7995,20154,12099,20151,0,0,1289,842,6023,67711,2818
201802,FEB 2018,3 - Vancouver Island,503,1632,6184,3188,7502,0,0,764,354,2542,21812,857
201802,FEB 2018,4 - North,168,399,1386,1237,1828,0,0,459,157,1126,6435,325
201803,MAR 2018,1 - Interior,399,1681,4149,2821,5322,0,0,647,214,1566,16186,613
201803,MAR 2018,2 - Coast Fraser,1983,8051,20220,12139,20171,0,0,1305,848,6061,67947,2831
201803,MAR 2018,3 - Vancouver Island,504,1652,6218,3188,7502,0,0,748,353,2535,21843,857
201803,MAR 2018,4 - North,168,399,1386,1237,1828,0,0,459,158,1133,6442,326
201804,APR 2018,1 - Interior,396,1685,4060,2827,5249,0,0,663,202,1481,15965,598
201804,APR 2018,2 - Coast Fraser,1975,8081,20303,11949,20173,0,0,1281,831,5942,67729,2806
201804,APR 2018,3 - Vancouver Island,503,1736,6344,3065,7592,0,0,732,343,2469,21938,846
201804,APR 2018,4 - North,161,387,1333,1177,1735,0,0,467,152,1090,6189,313
201805,MAY 2018,1 - Interior,398,1673,4076,2807,5269,0,0,687,206,1509,16021,604
201805,MAY 2018,2 - Coast Fraser,1990,8157,20391,11975,20388,0,0,1285,866,6203,68399,2856
201805,MAY 2018,3 - Vancouver Island,508,1797,6495,3137,7653,0,0,736,350,2520,22338,858
201805,MAY 2018,4 - North,161,387,1317,1177,1735,0,0,475,158,1132,6223,319
201806,JUN 2018,1 - Interior,402,1689,4173,2846,5288,0,0,703,209,1529,16228,611
201806,JUN 2018,2 - Coast Fraser,1994,8285,20572,11920,20374,0,0,1269,885,6335,68755,2879
201806,JUN 2018,3 - Vancouver Island,509,1805,6479,3104,7646,0,0,736,352,2535,22305,861
201806,JUN 2018,4 - North,163,387,1317,1194,1735,0,0,491,159,1140,6264,322
201807,JUL 2018,1 - Interior,397,1717,4235,2786,5193,0,0,679,209,1530,16140,606
201807,JUL 2018,2 - Coast Fraser,1976,8341,20599,11595,20183,0,0,1253,878,6286,68257,2854
201807,JUL 2018,3 - Vancouver Island,506,1805,6446,3104,7530,0,0,728,349,2512,22125,855
201807,JUL 2018,4 - North,161,387,1317,1156,1739,0,0,491,157,1126,6216,318
201808,AUG 2018,1 - Interior,397,1741,4296,2790,5175,0,0,679,215,1575,16256,612
201808,AUG 2018,2 - Coast Fraser,1984,8379,20720,11566,20225,0,0,1270,883,6321,68481,2867
201808,AUG 2018,3 - Vancouver Island,506,1815,6464,3114,7530,0,0,712,350,2519,22154,856
201808,AUG 2018,4 - North,161,399,1309,1176,1708,0,0,499,157,1124,6215,318
201809,SEP 2018,1 - Interior,397,1755,4291,2810,5256,0,0,671,216,1579,16362,613
201809,SEP 2018,2 - Coast Fraser,1990,8433,20985,11524,20290,0,0,1262,880,6298,68792,2870
201809,SEP 2018,3 - Vancouver Island,506,1803,6397,3111,7567,0,0,728,352,2536,22142,858
201809,SEP 2018,4 - North,162,431,1318,1196,1695,0,0,491,156,1117,6248,318
201810,OCT 2018,1 - Interior,397,1763,4272,2791,5234,0,0,671,217,1588,16319,614
201810,OCT 2018,2 - Coast Fraser,2003,8524,21187,11607,20497,0,0,1278,891,6386,69479,2894
201810,OCT 2018,3 - Vancouver Island,509,1803,6409,3111,7699,0,0,736,351,2531,22289,860
201810,OCT 2018,4 - North,164,443,1331,1226,1713,0,0,483,159,1139,6335,323
201811,NOV 2018,1 - Interior,388,1593,4030,2741,5025,0,0,663,219,1603,15655,607
201811,NOV 2018,2 - Coast Fraser,1990,8279,20972,11720,20770,0,0,1198,888,6367,69306,2878
201811,NOV 2018,3 - Vancouver Island,507,1740,6353,3094,7703,0,0,744,354,2553,22187,861
201811,NOV 2018,4 - North,161,407,1288,1206,1618,0,0,459,156,1117,6095,317
201812,DEC 2018,1 - Interior,394,1603,4093,2747,5097,0,0,687,222,1622,15849,616
201812,DEC 2018,2 - Coast Fraser,1987,8185,20976,11733,20880,0,0,1198,896,6427,69399,2883
201812,DEC 2018,3 - Vancouver Island,512,1728,6362,3108,7747,0,0,762,352,2540,22247,864
201812,DEC 2018,4 - North,164,403,1305,1217,1618,0,0,467,159,1138,6148,323
201901,JAN 2019,1 - Interior,400,1647,4145,2810,5126,0,0,711,224,1637,16076,624
201901,JAN 2019,2 - Coast Fraser,1989,8211,20998,11735,20989,0,0,1206,899,6454,69593,2888
201901,JAN 2019,3 - Vancouver Island,512,1752,6345,3088,7747,0,0,770,354,2554,22256,866
201901,JAN 2019,4 - North,164,427,1386,1297,1610,0,0,459,163,1167,6346,327
201902,FEB 2019,1 - Interior,402,1647,4185,2810,5166,0,0,727,229,1672,16207,631
201902,FEB 2019,2 - Coast Fraser,1997,8268,21138,11707,21002,0,0,1206,906,6508,69829,2903
201902,FEB 2019,3 - Vancouver Island,516,1812,6448,3144,7762,0,0,802,355,2562,22530,871
201902,FEB 2019,4 - North,166,415,1362,1273,1635,0,0,459,167,1196,6340,333
201903,MAR 2019,1 - Interior,406,1683,4230,2840,5203,0,0,743,232,1695,16394,638
201903,MAR 2019,2 - Coast Fraser,2005,8341,21186,11696,21048,0,0,1199,913,6558,70028,2918
201903,MAR 2019,3 - Vancouver Island,521,1852,6487,3139,7782,0,0,802,358,2583,22645,879
201903,MAR 2019,4 - North,166,427,1387,1293,1650,0,0,435,167,1196,6388,333
201904,APR 2019,1 - Interior,403,1648,4285,2766,5154,0,0,718,222,1626,16197,625
201904,APR 2019,2 - Coast Fraser,2010,8467,21505,11395,21110,0,0,1157,921,6622,70256,2931
201904,APR 2019,3 - Vancouver Island,515,1803,6555,3102,7823,0,0,778,347,2506,22567,862
201904,APR 2019,4 - North,167,411,1454,1257,1629,0,0,439,164,1174,6364,331
201905,MAY 2019,1 - Interior,406,1648,4315,2786,5184,0,0,726,222,1626,16285,628
201905,MAY 2019,2 - Coast Fraser,2020,8635,21625,11389,21186,0,0,1141,924,6646,70622,2944
201905,MAY 2019,3 - Vancouver Island,516,1806,6574,3142,7816,0,0,786,348,2514,22638,864
201905,MAY 2019,4 - North,171,423,1481,1306,1685,0,0,431,165,1182,6508,336
201906,JUN 2019,1 - Interior,407,1660,4314,2796,5194,0,0,726,224,1639,16329,631
201906,JUN 2019,2 - Coast Fraser,2025,8687,21699,11421,21236,0,0,1157,926,6667,70867,2951
201906,JUN 2019,3 - Vancouver Island,521,1838,6628,3150,7816,0,0,794,348,2514,22740,869
201906,JUN 2019,4 - North,172,423,1481,1306,1685,0,0,439,166,1190,6524,338
201907,JUL 2019,1 - Interior,404,1644,4323,2787,5126,0,0,765,219,1603,16248,623
201907,JUL 2019,2 - Coast Fraser,2014,8736,21657,11252,21047,0,0,1181,924,6652,70525,2938
201907,JUL 2019,3 - Vancouver Island,518,1842,6626,3141,7768,0,0,802,348,2513,22692,866
201907,JUL 2019,4 - North,170,423,1481,1306,1661,0,0,439,168,1205,6515,338
201908,AUG 2019,1 - Interior,405,1644,4330,2767,5168,0,0,765,220,1611,16285,625
201908,AUG 2019,2 - Coast Fraser,2023,8824,21751,11326,21111,0,0,1229,933,6721,70962,2956
201908,AUG 2019,3 - Vancouver Island,520,1855,6666,3141,7833,0,0,802,353,2551,22848,873
201908,AUG 2019,4 - North,169,423,1497,1306,1639,0,0,439,169,1210,6514,338
201909,SEP 2019,1 - Interior,411,1660,4381,2784,5249,0,0,805,218,1597,16476,629
201909,SEP 2019,2 - Coast Fraser,2037,8912,21894,11326,21383,0,0,1213,937,6754,71482,2974
201909,SEP 2019,3 - Vancouver Island,525,1923,6767,3110,7979,0,0,786,353,2550,23115,878
201909,SEP 2019,4 - North,168,443,1502,1303,1639,0,0,415,168,1203,6505,336
201910,OCT 2019,1 - Interior,416,1672,4438,2804,5286,0,0,837,222,1626,16663,638
201910,OCT 2019,2 - Coast Fraser,2058,9007,22099,11479,21714,0,0,1203,948,6842,72344,3006
201910,OCT 2019,3 - Vancouver Island,527,1955,6851,3114,8044,0,0,768,353,2552,23284,880
201910,OCT 2019,4 - North,168,451,1550,1303,1615,0,0,415,168,1203,6537,336
201911,NOV 2019,1 - Interior,417,1696,4508,2785,5276,0,0,845,225,1647,16757,642
201911,NOV 2019,2 - Coast Fraser,2069,9140,22271,11434,21765,0,0,1202,959,6929,72741,3028
201911,NOV 2019,3 - Vancouver Island,532,1979,6924,3124,8129,0,0,776,359,2595,23527,891
201911,NOV 2019,4 - North,169,463,1486,1303,1663,0,0,423,171,1224,6562,340
201912,DEC 2019,1 - Interior,419,1708,4508,2802,5287,0,0,853,228,1669,16827,647
201912,DEC 2019,2 - Coast Fraser,2074,9290,22485,11390,21792,0,0,1194,961,6950,73101,3035
201912,DEC 2019,3 - Vancouver Island,533,2015,7044,3104,8104,0,0,776,363,2623,23666,896
201912,DEC 2019,4 - North,170,463,1486,1311,1683,0,0,423,171,1223,6589,341
202001,JAN 2020,1 - Interior,423,1756,4567,2822,5321,0,0,869,233,1706,17041,656
202001,JAN 2020,2 - Coast Fraser,2083,9388,22591,11430,21932,0,0,1186,969,7006,73533,3052
202001,JAN 2020,3 - Vancouver Island,535,2071,7095,3104,8144,0,0,776,364,2632,23822,899
202001,JAN 2020,4 - North,171,453,1502,1311,1697,0,0,431,173,1238,6632,344
202002,FEB 2020,1 - Interior,424,1752,4583,2812,5404,0,0,885,233,1706,17142,657
202002,FEB 2020,2 - Coast Fraser,2093,9486,22787,11456,22103,0,0,1170,971,7018,74020,3064
202002,FEB 2020,3 - Vancouver Island,536,2071,7120,3104,8132,0,0,792,369,2668,23887,905
202002,FEB 2020,4 - North,171,477,1565,1311,1787,0,0,447,177,1267,6854,348
202003,MAR 2020,1 - Interior,424,1763,4574,2810,5429,0,0,885,230,1683,17144,654
202003,MAR 2020,2 - Coast Fraser,2096,9531,22910,11430,22078,0,0,1170,975,7049,74168,3071
202003,MAR 2020,3 - Vancouver Island,536,2075,7186,3040,8112,0,0,792,369,2669,23874,905
202003,MAR 2020,4 - North,172,477,1589,1301,1798,0,0,447,177,1267,6879,349
202004,APR 2020,1 - Interior,422,1783,4624,2769,5436,0,0,917,232,1697,17226,654
202004,APR 2020,2 - Coast Fraser,2101,9643,23028,11326,22081,0,0,1186,982,7097,74361,3083
202004,APR 2020,3 - Vancouver Island,526,2079,7140,3028,8120,0,0,800,376,2717,23884,902
202004,APR 2020,4 - North,161,465,1551,1249,1664,0,0,392,176,1259,6580,337
202005,MAY 2020,1 - Interior,422,1771,4639,2735,5414,0,0,949,230,1683,17191,652
202005,MAY 2020,2 - Coast Fraser,2106,9733,23237,11302,22136,0,0,1194,981,7088,74690,3087
202005,MAY 2020,3 - Vancouver Island,525,2055,7180,3031,8092,0,0,800,370,2675,23833,895
202005,MAY 2020,4 - North,159,465,1502,1189,1632,0,0,448,174,1245,6481,333
202006,JUN 2020,1 - Interior,425,1759,4629,2743,5496,0,0,973,233,1704,17304,658
202006,JUN 2020,2 - Coast Fraser,2108,9781,23236,11330,22188,0,0,1218,981,7089,74842,3089
202006,JUN 2020,3 - Vancouver Island,526,2079,7202,3031,8092,0,0,808,369,2669,23881,895
202006,JUN 2020,4 - North,160,477,1527,1189,1656,0,0,448,175,1252,6549,335
202007,JUL 2020,1 - Interior,420,1795,4660,2725,5473,0,0,957,231,1691,17301,651
202007,JUL 2020,2 - Coast Fraser,2104,9849,23328,11163,22125,0,0,1242,977,7058,74765,3081
202007,JUL 2020,3 - Vancouver Island,518,2079,7141,2965,8044,0,0,832,367,2656,23717,885
202007,JUL 2020,4 - North,159,465,1552,1174,1642,0,0,464,172,1231,6528,331
202008,AUG 2020,1 - Interior,422,1819,4753,2713,5490,0,0,973,235,1720,17468,657
202008,AUG 2020,2 - Coast Fraser,2113,9978,23483,11110,22142,0,0,1250,974,7040,75003,3087
202008,AUG 2020,3 - Vancouver Island,522,2067,7175,2985,8088,0,0,848,365,2642,23805,887
202008,AUG 2020,4 - North,157,466,1541,1174,1632,0,0,464,172,1231,6508,329
202009,SEP 2020,1 - Interior,420,1857,4831,2776,5458,0,0,941,237,1734,17597,657
202009,SEP 2020,2 - Coast Fraser,2093,10109,23497,10825,22067,0,0,1250,960,6948,74696,3053
202009,SEP 2020,3 - Vancouver Island,512,2015,7113,2954,8183,0,0,832,353,2556,23653,865
202009,SEP 2020,4 - North,158,478,1644,1147,1597,0,0,432,170,1218,6516,328
202010,OCT 2020,1 - Interior,423,1913,4909,2796,5539,0,0,973,239,1748,17878,662
202010,OCT 2020,2 - Coast Fraser,2109,10213,23839,10731,22086,0,0,1290,963,6976,75135,3072
202010,OCT 2020,3 - Vancouver Island,515,2061,7161,2929,8237,0,0,855,359,2599,23842,874
202010,OCT 2020,4 - North,158,470,1579,1170,1559,0,0,452,172,1234,6464,330
202011,NOV 2020,1 - Interior,427,1935,4955,2756,5594,0,0,965,246,1801,18006,673
202011,NOV 2020,2 - Coast Fraser,2118,10278,23959,10674,22226,0,0,1306,968,7014,75457,3086
202011,NOV 2020,3 - Vancouver Island,517,2061,7175,2937,8228,0,0,855,360,2608,23864,877
202011,NOV 2020,4 - North,159,482,1534,1150,1587,0,0,460,173,1242,6455,332
202012,DEC 2020,1 - Interior,435,1943,4960,2810,5717,0,0,981,250,1830,18241,685
202012,DEC 2020,2 - Coast Fraser,2121,10304,23982,10723,22260,0,0,1298,970,7029,75596,3091
202012,DEC 2020,3 - Vancouver Island,516,2107,7155,2937,8212,0,0,855,360,2609,23875,876
202012,DEC 2020,4 - North,157,482,1526,1150,1577,0,0,460,174,1250,6445,331
202101,JAN 2021,1 - Interior,434,1943,4960,2839,5728,0,0,981,251,1837,18288,685
202101,JAN 2021,2 - Coast Fraser,2117,10286,24104,10645,22188,0,0,1298,973,7058,75579,3090
202101,JAN 2021,3 - Vancouver Island,513,2101,7110,2978,8176,0,0,863,362,2619,23847,875
202101,JAN 2021,4 - North,157,462,1522,1150,1577,0,0,484,171,1227,6422,328
202102,FEB 2021,1 - Interior,433,1955,4956,2825,5724,0,0,981,251,1837,18278,684
202102,FEB 2021,2 - Coast Fraser,2129,10353,24287,10624,22329,0,0,1290,975,7073,75956,3104
202102,FEB 2021,3 - Vancouver Island,516,2121,7116,2996,8191,0,0,863,365,2641,23928,881
202102,FEB 2021,4 - North,156,470,1588,1155,1641,0,0,444,171,1228,6526,327
202103,MAR 2021,1 - Interior,433,1967,4992,2849,5717,0,0,981,251,1838,18344,684
202103,MAR 2021,2 - Coast Fraser,2130,10393,24291,10644,22342,0,0,1313,969,7030,76013,3099
202103,MAR 2021,3 - Vancouver Island,518,2142,7204,2976,8216,0,0,863,363,2626,24027,881
202103,MAR 2021,4 - North,157,484,1588,1155,1681,0,0,444,170,1221,6573,327
202104,APR 2021,1 - Interior,432,1979,5012,2840,5724,0,0,981,251,1838,18374,683
202104,APR 2021,2 - Coast Fraser,2135,10518,24568,10497,22362,0,0,1347,967,7013,76305,3102
202104,APR 2021,3 - Vancouver Island,523,2178,7244,3014,8298,0,0,839,361,2615,24188,884
202104,APR 2021,4 - North,161,480,1567,1152,1772,0,0,476,165,1184,6631,326
202105,MAY 2021,1 - Interior,436,2002,5015,2805,5836,0,0,995,248,1816,18469,684
202105,MAY 2021,2 - Coast Fraser,2149,10662,24763,10526,22457,0,0,1379,959,6953,76740,3108
202105,MAY 2021,3 - Vancouver Island,524,2178,7274,3008,8353,0,0,839,362,2622,24274,886
202105,MAY 2021,4 - North,162,492,1567,1152,1772,0,0,476,166,1192,6651,328
202106,JUN 2021,1 - Interior,437,2008,5007,2813,5836,0,0,1002,247,1810,18476,684
202106,JUN 2021,2 - Coast Fraser,2161,10696,24940,10530,22485,0,0,1410,955,6922,76983,3116
202106,JUN 2021,3 - Vancouver Island,529,2186,7284,3014,8385,0,0,871,361,2612,24352,890
202106,JUN 2021,4 - North,162,492,1567,1152,1772,0,0,476,167,1199,6658,329
202107,JUL 2021,1 - Interior,431,2004,5072,2743,5803,0,0,994,246,1803,18419,677
202107,JUL 2021,2 - Coast Fraser,2149,10764,24913,10387,22442,0,0,1410,943,6838,76754,3092
202107,JUL 2021,3 - Vancouver Island,528,2200,7284,2970,8354,0,0,887,357,2583,24278,885
202107,JUL 2021,4 - North,161,492,1517,1135,1750,0,0,484,164,1177,6555,325
202108,AUG 2021,1 - Interior,430,2002,5085,2743,5801,0,0,1002,246,1804,18437,676
202108,AUG 2021,2 - Coast Fraser,2165,10928,25188,10329,22543,0,0,1409,946,6861,77258,3111
202108,AUG 2021,3 - Vancouver Island,532,2200,7311,2930,8478,0,0,895,357,2582,24396,889
202108,AUG 2021,4 - North,162,488,1509,1155,1777,0,0,492,165,1184,6605,327
202109,SEP 2021,1 - Interior,436,2030,5179,2814,5988,0,0,986,246,1803,18800,682
202109,SEP 2021,2 - Coast Fraser,2210,11223,25694,10550,22936,0,0,1417,947,6873,78693,3157
202109,SEP 2021,3 - Vancouver Island,537,2244,7471,2991,8625,0,0,887,358,2591,24809,895
202109,SEP 2021,4 - North,166,500,1549,1129,1895,0,0,492,165,1184,6749,331
202110,OCT 2021,1 - Interior,440,2047,5194,2841,6028,0,0,994,244,1788,18892,684
202110,OCT 2021,2 - Coast Fraser,2239,11393,26106,10776,23288,0,0,1432,942,6841,79836,3181
202110,OCT 2021,3 - Vancouver Island,542,2264,7504,3044,8710,0,0,875,359,2597,24994,901
202110,OCT 2021,4 - North,172,488,1525,1149,1960,0,0,516,164,1176,6814,336
202111,NOV 2021,1 - Interior,441,2057,5240,2811,6006,0,0,994,244,1789,18897,685
202111,NOV 2021,2 - Coast Fraser,2251,11583,26380,10773,23424,0,0,1448,946,6873,80481,3197
202111,NOV 2021,3 - Vancouver Island,548,2264,7512,3034,8782,0,0,883,360,2606,25081,908
202111,NOV 2021,4 - North,174,508,1525,1139,1995,0,0,516,163,1169,6852,337
202112,DEC 2021,1 - Interior,448,2081,5264,2861,6142,0,0,994,247,1811,19153,695
202112,DEC 2021,2 - Coast Fraser,2262,11691,26494,10817,23462,0,0,1448,951,6911,80823,3213
202112,DEC 2021,3 - Vancouver Island,550,2270,7553,3034,8910,0,0,883,359,2600,25250,909
202112,DEC 2021,4 - North,175,504,1542,1119,2020,0,0,508,163,1169,6862,338
202201,JAN 2022,1 - Interior,451,2093,5271,2877,6178,0,0,1002,249,1825,19246,700
202201,JAN 2022,2 - Coast Fraser,2272,11953,26773,10789,23479,0,0,1448,947,6884,81326,3219
202201,JAN 2022,3 - Vancouver Island,552,2290,7558,3024,8936,0,0,883,361,2615,25306,913
202201,JAN 2022,4 - North,176,504,1530,1146,2074,0,0,508,163,1169,6931,339
202202,FEB 2022,1 - Interior,447,2093,5304,2890,6180,0,0,1002,251,1839,19308,698
202202,FEB 2022,2 - Coast Fraser,2269,12110,26841,10770,23298,0,0,1456,955,6948,81423,3224
202202,FEB 2022,3 - Vancouver Island,553,2316,7461,2993,8873,0,0,876,365,2644,25163,918
202202,FEB 2022,4 - North,177,516,1546,1136,2139,0,0,522,162,1162,7021,339
202203,MAR 2022,1 - Interior,441,1985,5212,2904,6108,0,0,994,250,1832,19035,691
202203,MAR 2022,2 - Coast Fraser,2260,12092,26839,10715,23078,0,0,1448,948,6899,81071,3208
202203,MAR 2022,3 - Vancouver Island,546,2224,7328,2947,8697,0,0,844,362,2621,24661,908
202203,MAR 2022,4 - North,168,406,1357,1035,1990,0,0,502,162,1163,6453,330
202204,APR 2022,1 - Interior,436,1956,5193,2874,5951,0,0,957,238,1748,18679,674
202204,APR 2022,2 - Coast Fraser,2237,12056,26775,10624,22978,0,0,1464,931,6779,80676,3168
202204,APR 2022,3 - Vancouver Island,542,2162,7260,3017,8687,0,0,844,345,2502,24472,887
202204,APR 2022,4 - North,165,374,1287,960,1929,0,0,470,160,1148,6168,325
202205,MAY 2022,1 - Interior,440,1939,5192,2849,5948,0,0,965,237,1742,18635,677
202205,MAY 2022,2 - Coast Fraser,2243,12072,26884,10644,23059,0,0,1472,931,6778,80909,3174
202205,MAY 2022,3 - Vancouver Island,544,2160,7290,3017,8659,0,0,820,345,2502,24448,889
202205,MAY 2022,4 - North,165,374,1287,960,1929,0,0,470,158,1134,6154,323
202206,JUN 2022,1 - Interior,440,1939,5224,2855,5948,0,0,933,241,1774,18673,681
202206,JUN 2022,2 - Coast Fraser,2244,12200,26846,10624,23072,0,0,1472,937,6821,81035,3181
202206,JUN 2022,3 - Vancouver Island,546,2168,7307,3041,8659,0,0,820,344,2495,24490,890
202206,JUN 2022,4 - North,164,365,1262,960,1929,0,0,486,157,1127,6129,321
202207,JUL 2022,1 - Interior,433,1975,5242,2817,5782,0,0,973,239,1761,18550,672
202207,JUL 2022,2 - Coast Fraser,2235,12336,26917,10551,23053,0,0,1449,930,6779,81085,3165
202207,JUL 2022,3 - Vancouver Island,540,2192,7404,2925,8582,0,0,802,329,2389,24294,869
202207,JUL 2022,4 - North,161,365,1262,940,1878,0,0,486,158,1135,6066,319
202208,AUG 2022,1 - Interior,436,1999,5300,2817,5725,0,0,957,238,1754,18552,674
202208,AUG 2022,2 - Coast Fraser,2240,12403,27010,10581,23008,0,0,1465,936,6827,81294,3176
202208,AUG 2022,3 - Vancouver Island,543,2220,7437,2935,8678,0,0,802,331,2403,24475,874
202208,AUG 2022,4 - North,158,361,1234,940,1856,0,0,446,158,1134,5971,316
202209,SEP 2022,1 - Interior,441,1956,5349,2832,5748,0,0,971,236,1741,18597,677
202209,SEP 2022,2 - Coast Fraser,2273,12666,27317,10651,23346,0,0,1450,940,6855,82285,3213
202209,SEP 2022,3 - Vancouver Island,547,2245,7585,2935,8822,0,0,802,332,2411,24800,879
202209,SEP 2022,4 - North,160,361,1258,968,1916,0,0,454,155,1112,6069,315
202210,OCT 2022,1 - Interior,439,1974,5288,2795,5725,0,0,995,236,1741,18518,675
202210,OCT 2022,2 - Coast Fraser,2288,12771,27388,10688,23535,0,0,1491,952,6946,82819,3240
202210,OCT 2022,3 - Vancouver Island,551,2373,7601,2965,8970,0,0,818,338,2454,25181,889
202210,OCT 2022,4 - North,161,357,1283,974,1943,0,0,438,158,1135,6130,319
202211,NOV 2022,1 - Interior,444,1954,5260,2791,5780,0,0,995,240,1769,18549,684
202211,NOV 2022,2 - Coast Fraser,2288,12700,27123,10718,23559,0,0,1507,955,6972,82579,3243
202211,NOV 2022,3 - Vancouver Island,547,2377,7534,2949,8871,0,0,826,340,2472,25029,887
202211,NOV 2022,4 - North,162,357,1282,984,1963,0,0,438,158,1136,6160,320
202212,DEC 2022,1 - Interior,444,1943,5206,2755,5867,0,0,1025,246,1812,18608,690
202212,DEC 2022,2 - Coast Fraser,2236,12195,26542,10551,23626,0,0,1521,963,7031,81466,3199
202212,DEC 2022,3 - Vancouver Island,541,2313,7327,2921,8809,0,0,786,342,2488,24644,883
202212,DEC 2022,4 - North,157,349,1184,958,1900,0,0,430,159,1143,5964,316
202301,JAN 2023,1 - Interior,440,1899,5108,2755,5898,0,0,1009,250,1843,18512,690
202301,JAN 2023,2 - Coast Fraser,2225,12149,26282,10447,23693,0,0,1529,969,7077,81177,3194
202301,JAN 2023,3 - Vancouver Island,539,2253,7092,2865,8584,0,0,762,346,2516,24072,885
202301,JAN 2023,4 - North,158,333,1168,968,1924,0,0,430,160,1151,5974,318
202302,FEB 2023,1 - Interior,440,1843,5070,2760,5935,0,0,1009,252,1857,18474,692
202302,FEB 2023,2 - Coast Fraser,2233,12210,26361,10298,23676,0,0,1545,971,7093,81183,3204
202302,FEB 2023,3 - Vancouver Island,538,2257,7131,2825,8615,0,0,762,346,2516,24106,884
202302,FEB 2023,4 - North,160,329,1160,986,1951,0,0,430,161,1158,6014,321
202303,MAR 2023,1 - Interior,438,1827,5076,2793,5928,0,0,1014,250,1843,18481,688
202303,MAR 2023,2 - Coast Fraser,2234,12218,26570,10094,23722,0,0,1553,970,7088,81245,3204
202303,MAR 2023,3 - Vancouver Island,537,2261,7116,2809,8659,0,0,778,347,2524,24147,884
202303,MAR 2023,4 - North,161,341,1180,996,1963,0,0,422,161,1158,6060,322
202304,APR 2023,1 - Interior,440,1825,5279,2793,5869,0,0,1006,241,1778,18550,681
202304,APR 2023,2 - Coast Fraser,2200,12190,26644,9887,23403,0,0,1524,959,7013,80661,3159
202304,APR 2023,3 - Vancouver Island,534,2283,7244,2632,8644,0,0,762,327,2381,23946,861
202304,APR 2023,4 - North,153,325,1165,986,1869,0,0,366,158,1137,5848,311
202305,MAY 2023,1 - Interior,442,1869,5384,2783,5881,0,0,990,242,1784,18691,684
202305,MAY 2023,2 - Coast Fraser,2215,12313,26894,9864,23489,0,0,1508,961,7028,81096,3176
202305,MAY 2023,3 - Vancouver Island,532,2273,7238,2585,8667,0,0,762,327,2383,23908,859
202305,MAY 2023,4 - North,153,317,1182,986,1847,0,0,382,159,1143,5857,312
202306,JUN 2023,1 - Interior,445,1927,5472,2803,5905,0,0,998,247,1821,18926,692
202306,JUN 2023,2 - Coast Fraser,2218,12368,26993,9826,23571,0,0,1516,971,7106,81380,3189
202306,JUN 2023,3 - Vancouver Island,538,2325,7356,2595,8608,0,0,778,327,2383,24045,865
202306,JUN 2023,4 - North,154,317,1182,986,1871,0,0,382,159,1143,5881,313
202307,JUL 2023,1 - Interior,442,1855,5323,2759,5863,0,0,1003,249,1836,18639,691
202307,JUL 2023,2 - Coast Fraser,2219,12474,27245,9669,23585,0,0,1516,975,7139,81628,3194
202307,JUL 2023,3 - Vancouver Island,530,2325,7307,2523,8584,0,0,778,323,2353,23870,853
202307,JUL 2023,4 - North,155,329,1175,1016,1913,0,0,398,159,1145,5976,314
